-- phpMyAdmin SQL Dump
-- version 4.9.2
-- https://www.phpmyadmin.net/
--
-- Host: 127.0.0.1
-- Generation Time: May 08, 2020 at 05:41 AM
-- Server version: 10.1.25-MariaDB
-- PHP Version: 7.1.7

SET SQL_MODE = "NO_AUTO_VALUE_ON_ZERO";
SET AUTOCOMMIT = 0;
START TRANSACTION;
SET time_zone = "+00:00";


/*!40101 SET @OLD_CHARACTER_SET_CLIENT=@@CHARACTER_SET_CLIENT */;
/*!40101 SET @OLD_CHARACTER_SET_RESULTS=@@CHARACTER_SET_RESULTS */;
/*!40101 SET @OLD_COLLATION_CONNECTION=@@COLLATION_CONNECTION */;
/*!40101 SET NAMES utf8mb4 */;

--
-- Database: `ticket_db1`
--

-- --------------------------------------------------------

--
-- Table structure for table `tbl_attachment`
--

CREATE TABLE `tbl_attachment` (
  `attachid` int(11) NOT NULL,
  `attach_ticket_id` varchar(225) NOT NULL,
  `file_path` varchar(225) NOT NULL,
  `file_name` varchar(225) NOT NULL,
  `file_origname` varchar(225) NOT NULL,
  `user_code` varchar(225) NOT NULL
) ENGINE=InnoDB DEFAULT CHARSET=latin1;

-- --------------------------------------------------------

--
-- Table structure for table `tbl_escalate`
--

CREATE TABLE `tbl_escalate` (
  `escid` int(11) NOT NULL,
  `esc_ticketid` varchar(225) NOT NULL,
  `esc_usercode` varchar(225) NOT NULL,
  `reason` text NOT NULL
) ENGINE=InnoDB DEFAULT CHARSET=latin1;

-- --------------------------------------------------------

--
-- Table structure for table `tbl_group`
--

CREATE TABLE `tbl_group` (
  `id` int(11) NOT NULL,
  `group` varchar(225) NOT NULL
) ENGINE=InnoDB DEFAULT CHARSET=latin1;

-- --------------------------------------------------------

--
-- Table structure for table `tbl_priority`
--

CREATE TABLE `tbl_priority` (
  `priority_id` int(11) NOT NULL,
  `priority` varchar(225) NOT NULL
) ENGINE=InnoDB DEFAULT CHARSET=latin1;

--
-- Dumping data for table `tbl_priority`
--

INSERT INTO `tbl_priority` (`priority_id`, `priority`) VALUES
(1, 'Highest'),
(2, 'High'),
(3, 'Medium'),
(4, 'Lowest'),
(5, 'Low'),
(6, 'Emergency');

-- --------------------------------------------------------

--
-- Table structure for table `tbl_reopen_ticket`
--

CREATE TABLE `tbl_reopen_ticket` (
  `id` int(11) NOT NULL,
  `ticket_id` varchar(225) NOT NULL,
  `ticket_stat` varchar(22) NOT NULL,
  `user_code` varchar(225) NOT NULL,
  `date_reopen` varchar(225) NOT NULL
) ENGINE=InnoDB DEFAULT CHARSET=latin1;

--
-- Dumping data for table `tbl_reopen_ticket`
--

INSERT INTO `tbl_reopen_ticket` (`id`, `ticket_id`, `ticket_stat`, `user_code`, `date_reopen`) VALUES
(1, '9', '1', '20200430124643', '2020-05-07 07:37:52 am'),
(2, '9', '1', '20200430124643', '2020-05-07 07:41:26 am'),
(3, '9', '1', '20200430124643', '2020-05-07 07:42:04 am'),
(4, '6', '1', '20200430124643', '2020-05-07 07:48:41 am'),
(5, '5', '1', '20200430124643', '2020-05-07 07:48:45 am'),
(6, '9', '1', '20200430124643', '2020-05-07 07:48:54 am'),
(7, '8', '1', '20200430124643', '2020-05-07 07:48:59 am'),
(8, '7', '1', '20200430124643', '2020-05-07 07:49:03 am'),
(9, '9', '1', '20200430124643', '2020-05-07 07:52:07 am'),
(10, '9', '1', '20200430124643', '2020-05-07 07:56:15 am'),
(11, '6', '1', '20200430124643', '2020-05-07 07:56:21 am'),
(12, '10', '1', '20200430124643', '2020-05-07 08:15:36 am'),
(13, '9', '1', '20200430124643', '2020-05-07 08:32:38 am'),
(14, '9', '1', '20200430124643', '2020-05-07 08:42:33 am'),
(15, '9', '1', '20200430124643', '2020-05-07 08:45:12 am'),
(16, '9', '1', '20200430124643', '2020-05-07 08:45:51 am'),
(17, '9', '1', '20200430124643', '2020-05-07 08:47:40 am'),
(18, '5', '1', '20200430124643', '2020-05-07 08:47:46 am'),
(19, '8', '1', '20200430124643', '2020-05-07 08:47:52 am'),
(20, '7', '1', '20200430124643', '2020-05-07 08:47:56 am'),
(21, '9', '1', '20200430124643', '2020-05-07 08:50:01 am'),
(22, '8', '1', '20200430124643', '2020-05-07 08:51:45 am'),
(23, '6', '1', '20200430124643', '2020-05-07 08:51:50 am'),
(24, '5', '1', '20200430124643', '2020-05-07 08:51:54 am'),
(25, '9', '1', '20200430124643', '2020-05-07 08:51:58 am'),
(26, '7', '1', '20200430124643', '2020-05-07 08:52:02 am'),
(27, '9', '1', '20200430124643', '2020-05-07 08:53:02 am'),
(28, '7', '1', '20200430124643', '2020-05-07 08:53:07 am'),
(29, '9', '1', '20200430124643', '2020-05-07 08:54:03 am'),
(30, '9', '1', '20200430124643', '2020-05-07 09:18:11 am'),
(31, '9', '1', '20200430124643', '2020-05-07 09:22:58 am'),
(32, '9', '1', '20200430124643', '2020-05-07 09:23:51 am'),
(33, '9', '1', '20200430124643', '2020-05-07 09:27:15 am'),
(34, '9', '1', '20200430124643', '2020-05-07 09:28:20 am'),
(35, '9', '1', '20200430124643', '2020-05-07 09:43:18 am'),
(36, '9', '1', '20200430124643', '2020-05-07 09:44:49 am'),
(37, '9', '1', '20200430124643', '2020-05-07 09:50:52 am'),
(38, '9', '1', '20200430124643', '2020-05-07 09:53:05 am'),
(39, '9', '1', '20200430124643', '2020-05-07 09:53:34 am'),
(40, '9', '1', '20200430124643', '2020-05-07 09:54:29 am'),
(41, '9', '1', '20200430124643', '2020-05-07 09:59:32 am'),
(42, '9', '1', '20200430124643', '2020-05-07 10:09:15 am'),
(43, '9', '1', '20200430124643', '2020-05-07 10:19:51 am'),
(44, '9', '1', '20200430124643', '2020-05-07 10:23:18 am'),
(45, '9', '1', '20200430124643', '2020-05-07 10:29:35 am'),
(46, '9', '1', '20200430124643', '2020-05-07 10:30:00 am'),
(47, '9', '1', '20200430124643', '2020-05-07 10:31:59 am'),
(48, '9', '1', '20200430124643', '2020-05-07 10:32:21 am'),
(49, '9', '1', '20200430124643', '2020-05-07 10:33:27 am'),
(50, '9', '1', '20200430124643', '2020-05-07 10:34:29 am'),
(51, '9', '1', '20200430124643', '2020-05-07 10:36:04 am'),
(52, '9', '1', '20200430124643', '2020-05-07 10:41:26 am'),
(53, '9', '1', '20200430124643', '2020-05-07 10:42:44 am'),
(54, '9', '1', '20200430124643', '2020-05-07 10:43:50 am'),
(55, '9', '1', '20200430124643', '2020-05-07 10:45:15 am'),
(56, '9', '1', '20200430124643', '2020-05-07 10:47:28 am'),
(57, '9', '1', '20200430124643', '2020-05-07 10:50:43 am'),
(58, '9', '1', '20200430124643', '2020-05-07 10:51:21 am'),
(59, '9', '1', '20200430124643', '2020-05-07 10:57:34 am'),
(60, '9', '1', '20200430124643', '2020-05-07 10:59:41 am'),
(61, '9', '1', '20200430124643', '2020-05-07 11:00:46 am'),
(62, '9', '1', '20200430124643', '2020-05-07 11:01:46 am'),
(63, '9', '1', '20200430124643', '2020-05-07 11:03:03 am'),
(64, '9', '1', '20200430124643', '2020-05-07 11:40:17 am'),
(65, '9', '1', '20200430124643', '2020-05-07 11:49:40 am'),
(66, '9', '1', '20200430124643', '2020-05-07 11:52:46 am'),
(67, '9', '1', '20200430124643', '2020-05-07 11:54:37 am'),
(68, '9', '1', '20200430124643', '2020-05-07 11:58:23 am'),
(69, '9', '1', '20200430124643', '2020-05-07 12:06:48 pm'),
(70, '9', '1', '20200430124643', '2020-05-07 12:11:08 pm'),
(71, '9', '1', '20200430124643', '2020-05-07 12:12:42 pm'),
(72, '9', '1', '20200430124643', '2020-05-07 12:12:42 pm'),
(73, '9', '1', '20200430124643', '2020-05-07 12:13:10 pm'),
(74, '9', '1', '20200430124643', '2020-05-07 12:16:30 pm'),
(75, '9', '1', '20200430124643', '2020-05-07 12:18:30 pm'),
(76, '9', '1', '20200430124643', '2020-05-07 12:32:59 pm'),
(77, '9', '1', '20200430124643', '2020-05-07 12:33:45 pm'),
(78, '9', '1', '20200430124643', '2020-05-07 12:36:06 pm'),
(79, '9', '1', '20200430124643', '2020-05-07 12:38:01 pm'),
(80, '9', '1', '20200430124643', '2020-05-07 01:05:36 pm'),
(81, '9', '1', '20200430124643', '2020-05-07 01:06:45 pm'),
(82, '9', '1', '20200430124643', '2020-05-07 01:08:40 pm'),
(83, '9', '1', '20200430124643', '2020-05-07 01:09:05 pm'),
(84, '9', '1', '20200430124643', '2020-05-07 01:13:00 pm'),
(85, '9', '1', '20200430124643', '2020-05-07 01:22:30 pm'),
(86, '9', '1', '20200430124643', '2020-05-07 01:44:34 pm'),
(87, '9', '1', '20200430124643', '2020-05-07 02:15:04 pm'),
(88, '9', '1', '20200430124643', '2020-05-07 02:17:38 pm'),
(89, '9', '1', '20200430124643', '2020-05-07 02:20:54 pm'),
(90, '9', '1', '20200430124643', '2020-05-07 02:23:18 pm'),
(91, '9', '1', '20200430124643', '2020-05-07 02:30:29 pm'),
(92, '9', '1', '20200430124643', '2020-05-07 02:32:17 pm'),
(93, '9', '1', '20200430124643', '2020-05-07 02:41:35 pm'),
(94, '9', '1', '20200430124643', '2020-05-07 02:48:28 pm'),
(95, '9', '1', '20200430124643', '2020-05-07 02:49:52 pm'),
(96, '9', '1', '20200430124643', '2020-05-07 02:59:44 pm'),
(97, '9', '1', '20200430124643', '2020-05-07 03:00:16 pm'),
(98, '9', '1', '20200430124643', '2020-05-07 03:05:48 pm'),
(99, '9', '1', '20200430124643', '2020-05-07 03:08:02 pm'),
(100, '9', '1', '20200430124643', '2020-05-07 03:11:29 pm'),
(101, '9', '1', '20200430124643', '2020-05-07 03:13:48 pm'),
(102, '9', '1', '20200430124643', '2020-05-07 03:15:34 pm'),
(103, '9', '1', '20200430124643', '2020-05-07 03:16:33 pm'),
(104, '9', '1', '20200430124643', '2020-05-07 03:18:54 pm'),
(105, '9', '1', '20200430124643', '2020-05-07 03:21:19 pm'),
(106, '9', '1', '20200430124643', '2020-05-07 03:22:22 pm'),
(107, '9', '1', '20200430124643', '2020-05-07 03:23:43 pm'),
(108, '9', '1', '20200430124643', '2020-05-07 03:28:56 pm'),
(109, '9', '1', '20200430124643', '2020-05-07 03:32:33 pm'),
(110, '9', '1', '20200430124643', '2020-05-07 03:34:54 pm'),
(111, '9', '1', '20200430124643', '2020-05-07 03:36:56 pm'),
(112, '9', '1', '20200430124643', '2020-05-07 03:37:50 pm'),
(113, '9', '1', '20200430124643', '2020-05-07 03:38:29 pm'),
(114, '9', '1', '20200430124643', '2020-05-07 03:43:31 pm'),
(115, '9', '1', '20200430124643', '2020-05-07 03:44:48 pm'),
(116, '9', '1', '20200430124643', '2020-05-07 03:46:08 pm'),
(117, '9', '1', '20200430124643', '2020-05-07 03:54:18 pm'),
(118, '9', '1', '20200430124643', '2020-05-07 03:58:13 pm'),
(119, '9', '1', '20200430124643', '2020-05-07 03:59:47 pm'),
(120, '9', '1', '20200430124643', '2020-05-07 04:00:15 pm'),
(121, '9', '1', '20200430124643', '2020-05-07 04:02:23 pm'),
(122, '9', '1', '20200430124643', '2020-05-07 04:04:26 pm'),
(123, '9', '1', '20200430124643', '2020-05-08 07:06:13 am'),
(124, '9', '1', '20200430124643', '2020-05-08 07:06:53 am'),
(125, '9', '1', '20200430124643', '2020-05-08 07:07:50 am'),
(126, '9', '1', '20200430124643', '2020-05-08 07:22:22 am'),
(127, '9', '1', '20200430124643', '2020-05-08 07:31:43 am'),
(128, '9', '1', '20200430124643', '2020-05-08 07:32:39 am'),
(129, '9', '1', '20200430124643', '2020-05-08 07:34:27 am'),
(130, '9', '1', '20200430124643', '2020-05-08 07:35:13 am'),
(131, '9', '1', '20200430124643', '2020-05-08 07:37:04 am'),
(132, '9', '1', '20200430124643', '2020-05-08 07:38:55 am'),
(133, '9', '1', '20200430124643', '2020-05-08 07:39:31 am'),
(134, '9', '1', '20200430124643', '2020-05-08 07:41:27 am'),
(135, '9', '1', '20200430124643', '2020-05-08 07:42:41 am'),
(136, '9', '1', '20200430124643', '2020-05-08 07:43:05 am'),
(137, '9', '1', '20200430124643', '2020-05-08 07:44:25 am'),
(138, '9', '1', '20200430124643', '2020-05-08 07:45:05 am'),
(139, '9', '1', '20200430124643', '2020-05-08 07:47:03 am'),
(140, '9', '1', '20200430124643', '2020-05-08 07:48:00 am'),
(141, '9', '1', '20200430124643', '2020-05-08 07:52:13 am'),
(142, '9', '1', '20200430124643', '2020-05-08 07:54:25 am'),
(143, '9', '1', '20200430124643', '2020-05-08 07:55:46 am'),
(144, '9', '1', '20200430124643', '2020-05-08 07:59:31 am'),
(145, '9', '1', '20200430124643', '2020-05-08 08:03:26 am'),
(146, '9', '1', '20200430124643', '2020-05-08 08:03:27 am'),
(147, '9', '1', '20200430124643', '2020-05-08 08:05:15 am'),
(148, '9', '1', '20200430124643', '2020-05-08 08:08:26 am'),
(149, '9', '1', '20200430124643', '2020-05-08 08:08:53 am'),
(150, '9', '1', '20200430124643', '2020-05-08 08:09:41 am'),
(151, '9', '1', '20200430124643', '2020-05-08 08:10:31 am'),
(152, '9', '1', '20200430124643', '2020-05-08 08:12:23 am'),
(153, '9', '1', '20200430124643', '2020-05-08 08:13:24 am'),
(154, '9', '1', '20200430124643', '2020-05-08 08:14:51 am'),
(155, '9', '1', '20200430124643', '2020-05-08 08:19:36 am'),
(156, '9', '1', '20200430124643', '2020-05-08 08:24:10 am'),
(157, '9', '1', '20200430124643', '2020-05-08 08:27:01 am'),
(158, '9', '1', '20200430124643', '2020-05-08 08:29:00 am'),
(159, '9', '1', '20200430124643', '2020-05-08 08:31:05 am'),
(160, '9', '1', '20200430124643', '2020-05-08 08:32:10 am'),
(161, '9', '1', '20200430124643', '2020-05-08 08:32:46 am'),
(162, '9', '1', '20200430124643', '2020-05-08 08:33:15 am'),
(163, '9', '1', '20200430124643', '2020-05-08 08:34:28 am'),
(164, '9', '1', '20200430124643', '2020-05-08 08:35:57 am'),
(165, '9', '1', '20200430124643', '2020-05-08 08:36:53 am'),
(166, '9', '1', '20200430124643', '2020-05-08 08:38:20 am'),
(167, '9', '1', '20200430124643', '2020-05-08 08:40:34 am'),
(168, '9', '1', '20200430124643', '2020-05-08 08:41:50 am'),
(169, '9', '1', '20200430124643', '2020-05-08 08:43:02 am'),
(170, '9', '1', '20200430124643', '2020-05-08 08:43:23 am'),
(171, '9', '1', '20200430124643', '2020-05-08 08:43:52 am'),
(172, '9', '1', '20200430124643', '2020-05-08 08:59:48 am'),
(173, '9', '1', '20200430124643', '2020-05-08 09:00:34 am'),
(174, '9', '1', '20200430124643', '2020-05-08 09:01:03 am'),
(175, '9', '1', '20200430124643', '2020-05-08 09:02:21 am'),
(176, '9', '1', '20200430124643', '2020-05-08 09:02:43 am'),
(177, '9', '1', '20200430124643', '2020-05-08 09:04:58 am'),
(178, '9', '1', '20200430124643', '2020-05-08 09:05:54 am'),
(179, '9', '1', '20200430124643', '2020-05-08 09:08:07 am'),
(180, '9', '1', '20200430124643', '2020-05-08 09:15:29 am'),
(181, '9', '1', '20200430124643', '2020-05-08 10:05:38 am'),
(182, '9', '1', '20200430124643', '2020-05-08 10:09:34 am'),
(183, '9', '1', '20200430124643', '2020-05-08 10:13:09 am'),
(184, '9', '1', '20200430124643', '2020-05-08 10:14:02 am'),
(185, '9', '1', '20200430124643', '2020-05-08 10:14:25 am'),
(186, '9', '1', '20200430124643', '2020-05-08 10:15:22 am'),
(187, '9', '1', '20200430124643', '2020-05-08 10:15:53 am'),
(188, '9', '1', '20200430124643', '2020-05-08 10:17:39 am'),
(189, '9', '1', '20200430124643', '2020-05-08 10:19:05 am'),
(190, '9', '1', '20200430124643', '2020-05-08 10:20:17 am'),
(191, '9', '1', '20200430124643', '2020-05-08 10:21:31 am'),
(192, '9', '1', '20200430124643', '2020-05-08 10:23:11 am'),
(193, '9', '1', '20200430124643', '2020-05-08 10:23:40 am'),
(194, '9', '1', '20200430124643', '2020-05-08 10:24:23 am'),
(195, '9', '1', '20200430124643', '2020-05-08 10:28:10 am'),
(196, '9', '1', '20200430124643', '2020-05-08 10:28:58 am'),
(197, '9', '1', '20200430124643', '2020-05-08 10:29:26 am'),
(198, '9', '1', '20200430124643', '2020-05-08 10:30:19 am'),
(199, '9', '1', '20200430124643', '2020-05-08 10:30:41 am'),
(200, '9', '1', '20200430124643', '2020-05-08 10:31:06 am'),
(201, '9', '1', '20200430124643', '2020-05-08 10:32:20 am'),
(202, '9', '1', '20200430124643', '2020-05-08 10:33:40 am'),
(203, '9', '1', '20200430124643', '2020-05-08 10:34:25 am'),
(204, '18', '1', '20200430124643', '2020-05-08 10:35:29 am'),
(205, '18', '1', '20200430124643', '2020-05-08 10:36:09 am'),
(206, '18', '1', '20200430124643', '2020-05-08 10:36:45 am'),
(207, '18', '1', '20200430124643', '2020-05-08 10:40:32 am');

-- --------------------------------------------------------

--
-- Table structure for table `tbl_role`
--

CREATE TABLE `tbl_role` (
  `id` int(11) NOT NULL,
  `role` varchar(225) NOT NULL,
  `level` varchar(22) NOT NULL
) ENGINE=InnoDB DEFAULT CHARSET=latin1;

--
-- Dumping data for table `tbl_role`
--

INSERT INTO `tbl_role` (`id`, `role`, `level`) VALUES
(1, 'Associate Technical Support', 'ATS'),
(2, 'Junior Technical Support', 'JTS'),
(3, 'Senior Technical Support', 'STS'),
(4, 'System Administrator Support', 'SAS'),
(5, 'Corporate Manager', 'CM');

-- --------------------------------------------------------

--
-- Table structure for table `tbl_sites`
--

CREATE TABLE `tbl_sites` (
  `siteid` int(11) NOT NULL,
  `site_code` varchar(225) NOT NULL,
  `site_name` varchar(225) NOT NULL,
  `acess` varchar(22) NOT NULL,
  `site_key` varchar(225) NOT NULL,
  `user_lead` varchar(225) NOT NULL,
  `status` varchar(25) NOT NULL,
  `date_created` varchar(225) NOT NULL
) ENGINE=InnoDB DEFAULT CHARSET=latin1;

--
-- Dumping data for table `tbl_sites`
--

INSERT INTO `tbl_sites` (`siteid`, `site_code`, `site_name`, `acess`, `site_key`, `user_lead`, `status`, `date_created`) VALUES
(2, '20200423063943', 'Cebu Doctors University Hospital', 'Public', 'CDUH', '13', 'Active', '2020-04-23 12:44:59 pm'),
(5, '20200423065122', 'Mactan Doctors Hospital', 'Private', 'MDH', '13', 'Active', '2020-04-23 12:45:02 pm'),
(6, '20200423065701', 'North General Hospital', 'Private', 'NGH', '13', 'Active', '2020-04-23 12:45:04 pm'),
(7, '20200423070000', 'San Carlos Doctors Hospital', 'Private', 'SDH', '13', 'Active', '2020-04-23 12:45:07 pm'),
(8, '20200423070141', 'South General Hospital', 'Public', 'SGH', '13', 'Active', '2020-04-23 12:45:10 pm'),
(9, '20200423070218', 'Ormoc Doctors Hospital', 'Public', 'ODH', '15', 'Active', '2020-05-04 01:49:01 pm'),
(10, '20200423070247', 'Danao Doctors Hospital', 'Public', 'DDH', '13', 'Active', '2020-04-30 10:35:44 am'),
(11, '20200423070328', 'Bohol Doctors Hospital', 'Private', 'BDH', '13', 'Active', '2020-04-23 12:45:20 pm');

-- --------------------------------------------------------

--
-- Table structure for table `tbl_state`
--

CREATE TABLE `tbl_state` (
  `stateid` int(11) NOT NULL,
  `state` varchar(225) NOT NULL
) ENGINE=InnoDB DEFAULT CHARSET=latin1;

--
-- Dumping data for table `tbl_state`
--

INSERT INTO `tbl_state` (`stateid`, `state`) VALUES
(1, 'Open'),
(2, 'Close');

-- --------------------------------------------------------

--
-- Table structure for table `tbl_taskmanager`
--

CREATE TABLE `tbl_taskmanager` (
  `id` int(11) NOT NULL,
  `taskcode` varchar(225) NOT NULL,
  `name` varchar(225) NOT NULL,
  `publisher` varchar(225) NOT NULL,
  `type` varchar(225) NOT NULL,
  `selecteddate` varchar(225) NOT NULL,
  `date_created` varchar(225) NOT NULL
) ENGINE=InnoDB DEFAULT CHARSET=latin1;

--
-- Dumping data for table `tbl_taskmanager`
--

INSERT INTO `tbl_taskmanager` (`id`, `taskcode`, `name`, `publisher`, `type`, `selecteddate`, `date_created`) VALUES
(2, '20200506125718', 'Backup Database', 'System', 'Monthly', '2020-05-20', '2020-05-06 02:15:45 pm'),
(3, '20200506125902', 'Board Meating', 'System', 'Monthly', '2020-05-20', '2020-05-06 02:15:25 pm'),
(4, '20200506014404', 'Collecting Board Report', 'System', 'Weekly', 'Thursday', '2020-05-06 02:15:13 pm'),
(5, '20200506014459', 'Printing Document', 'System', 'Daily', 'Monday, Tuesday, Wednesday, Thursday, Friday, Saturday, Sunday', '2020-05-06 02:03:45 pm'),
(6, '20200506020244', 'Checking Server', 'System', 'Daily', 'Monday, Tuesday, Wednesday, Thursday, Friday, Saturday, Sunday', '2020-05-06 02:04:49 pm');

-- --------------------------------------------------------

--
-- Table structure for table `tbl_ticket`
--

CREATE TABLE `tbl_ticket` (
  `ticketid` int(11) NOT NULL,
  `ticket_code` varchar(225) NOT NULL,
  `site_code` varchar(225) NOT NULL,
  `ticket_type` varchar(225) NOT NULL,
  `summary` varchar(225) NOT NULL,
  `description` text NOT NULL,
  `escalate_id` varchar(225) NOT NULL,
  `assign_by` varchar(225) NOT NULL,
  `report_by` varchar(225) NOT NULL,
  `priority` varchar(225) NOT NULL,
  `ticket_status` varchar(225) NOT NULL,
  `state` varchar(3) NOT NULL,
  `estimated_time` varchar(225) NOT NULL,
  `time_spent` varchar(225) NOT NULL,
  `time_description` varchar(225) NOT NULL,
  `workdate` varchar(225) NOT NULL,
  `subtasks` varchar(225) NOT NULL,
  `status` varchar(225) NOT NULL,
  `ticket_subtype` varchar(225) NOT NULL,
  `date_created` varchar(225) NOT NULL
) ENGINE=InnoDB DEFAULT CHARSET=latin1;

--
-- Dumping data for table `tbl_ticket`
--

INSERT INTO `tbl_ticket` (`ticketid`, `ticket_code`, `site_code`, `ticket_type`, `summary`, `description`, `escalate_id`, `assign_by`, `report_by`, `priority`, `ticket_status`, `state`, `estimated_time`, `time_spent`, `time_description`, `workdate`, `subtasks`, `status`, `ticket_subtype`, `date_created`) VALUES
(9, '20200506014404', '20200423063943', '1', 'Collecting Board Report', '', '', '20200430124643', '20200430124643', '1', '3', '1', '1', '1', '', '2020-05-08', '1', '', 'Main', '2020-05-08 10:34:36 am'),
(10, '20200507071936', '20200423063943', '1', 'Collecting Board Report', '', '', '20200430124643', '20200430124643', '1', '3', '1', '1', '1', '', '2020-05-08', '1', '', 'Sub', '2020-05-08 10:34:46 am'),
(12, '20200507011709', '20200423063943', '1', 'Collecting Board Report', '', '', '20200430124643', '20200430124643', '1', '3', '1', '1', '1', '', '2020-05-08', '1', '', 'Sub', '2020-05-08 10:34:51 am'),
(13, '20200506020244', '20200423063943', '1', 'Checking Server', '3', '', '20200430124643', '20200430124643', '1', '3', '1', '1', '1', '', '2020-05-08', '1', '', 'Main', '2020-05-08 07:50:34 am'),
(14, '20200506014459', '20200423063943', '1', 'Printing Document', '3', '', '20200430124643', '20200430124643', '1', '3', '1', '3', '3', '', '2020-05-08', '1', '', 'Main', '2020-05-08 07:50:58 am'),
(15, '20200506020244', '20200423063943', '1', 'Checking Server', '', '', '20200430124643', '20200430124643', '1', '3', '1', '4', '4', '', '2020-05-08', '1', '', 'Main', '2020-05-08 07:52:03 am'),
(16, '20200506014459', '20200423063943', '1', 'Printing Document', '', '', '20200430124643', '20200430124643', '1', '3', '1', '1', '1', '', '2020-05-08', '1', '', 'Main', '2020-05-08 07:51:53 am'),
(17, '20200508101431', '20200423063943', '1', 'Collecting Board Report', '', '', '20200430124643', '20200430124643', '1', '3', '1', '1', '1', '', '2020-05-08', '1', '', 'Sub', '2020-05-08 10:34:41 am'),
(18, '20200508100735', '20200423063943', '1', '12344', '123', '', '20200430124643', '20200430124643', '2', '2', '1', '1', '1', '', '2020-05-08', '2', '', 'Main', '2020-05-08 10:40:40 am'),
(19, '20200508101335', '20200423063943', '1', '12344', '123', '', '20200430124643', '20200430124643', '2', '2', '1', '1', '1', '', '2020-05-08', '2', '', 'Sub', '2020-05-08 10:40:38 am');

-- --------------------------------------------------------

--
-- Table structure for table `tbl_ticketlogs`
--

CREATE TABLE `tbl_ticketlogs` (
  `log_id` int(11) NOT NULL,
  `ticket_id` varchar(225) NOT NULL,
  `user_code` varchar(225) NOT NULL,
  `action` varchar(225) NOT NULL,
  `date_log` varchar(225) NOT NULL
) ENGINE=InnoDB DEFAULT CHARSET=latin1;

--
-- Dumping data for table `tbl_ticketlogs`
--

INSERT INTO `tbl_ticketlogs` (`log_id`, `ticket_id`, `user_code`, `action`, `date_log`) VALUES
(1, '7', '20200430124643', '2', '2020-05-07 07:28:29 am'),
(2, '7', '20200430124643', '3', '2020-05-07 07:43:29 am'),
(3, '8', '20200430124643', '2', '2020-05-07 07:09:36 am'),
(4, '9', '20200430124643', '1', '2020-05-07 07:19:36 am'),
(5, '10', '20200430124643', '2', '2020-05-07 07:06:37 am'),
(6, '9', '20200430124643', '2', '2020-05-07 07:40:37 am'),
(7, '9', '20200430124643', '5', '2020-05-07 07:51:37 am'),
(8, '10', '20200430124643', '2', '2020-05-07 07:15:38 am'),
(9, '9', '20200430124643', '3', '2020-05-07 07:21:38 am'),
(10, '9', '20200430124643', '5', '2020-05-07 07:26:41 am'),
(11, '10', '20200430124643', '2', '2020-05-07 07:42:41 am'),
(12, '9', '20200430124643', '2', '2020-05-07 07:50:41 am'),
(13, '9', '20200430124643', '5', '2020-05-07 07:04:42 am'),
(14, '9', '20200430124643', '2', '2020-05-07 07:13:42 am'),
(15, '10', '20200430124643', '2', '2020-05-07 07:22:42 am'),
(16, '9', '20200430124643', '3', '2020-05-07 07:56:42 am'),
(17, '5', '20200430124643', '2', '2020-05-07 07:30:43 am'),
(18, '6', '20200430124643', '2', '2020-05-07 07:33:48 am'),
(19, '6', '20200430124643', '5', '2020-05-07 07:41:48 am'),
(20, '5', '20200430124643', '5', '2020-05-07 07:45:48 am'),
(21, '9', '20200430124643', '5', '2020-05-07 07:54:48 am'),
(22, '8', '20200430124643', '5', '2020-05-07 07:59:48 am'),
(23, '7', '20200430124643', '5', '2020-05-07 07:03:49 am'),
(24, '10', '20200430124643', '2', '2020-05-07 07:29:51 am'),
(25, '6', '20200430124643', '2', '2020-05-07 07:35:51 am'),
(26, '9', '20200430124643', '2', '2020-05-07 07:49:51 am'),
(27, '9', '20200430124643', '5', '2020-05-07 07:07:52 am'),
(28, '9', '20200430124643', '2', '2020-05-07 07:17:52 am'),
(29, '10', '20200430124643', '2', '2020-05-07 07:26:52 am'),
(30, '9', '20200430124643', '3', '2020-05-07 07:08:53 am'),
(31, '9', '20200430124643', '5', '2020-05-07 07:15:56 am'),
(32, '6', '20200430124643', '5', '2020-05-07 07:21:56 am'),
(33, '9', '20200430124643', '2', '2020-05-07 07:32:56 am'),
(34, '10', '20200430124643', '2', '2020-05-07 08:09:11 am'),
(35, '9', '20200430124643', '2', '2020-05-07 08:25:13 am'),
(36, '10', '20200430124643', '3', '2020-05-07 08:45:13 am'),
(37, '10', '20200430124643', '3', '2020-05-07 08:52:13 am'),
(38, '10', '20200430124643', '3', '2020-05-07 08:33:14 am'),
(39, '10', '20200430124643', '5', '2020-05-07 08:36:15 am'),
(40, '9', '20200430124643', '2', '2020-05-07 08:52:15 am'),
(41, '10', '20200430124643', '2', '2020-05-07 08:58:15 am'),
(42, '9', '20200430124643', '2', '2020-05-07 08:11:16 am'),
(43, '10', '20200430124643', '2', '2020-05-07 08:43:16 am'),
(44, '10', '20200430124643', '2', '2020-05-07 08:48:16 am'),
(45, '5', '20200430124643', '2', '2020-05-07 08:57:16 am'),
(46, '10', '20200430124643', '2', '2020-05-07 08:45:17 am'),
(47, '9', '20200430124643', '2', '2020-05-07 08:51:17 am'),
(48, '9', '20200430124643', '2', '2020-05-07 08:27:18 am'),
(49, '9', '20200430124643', '2', '2020-05-07 08:51:22 am'),
(50, '10', '20200430124643', '2', '2020-05-07 08:37:24 am'),
(51, '10', '20200430124643', '2', '2020-05-07 08:35:26 am'),
(52, '9', '20200430124643', '2', '2020-05-07 08:39:26 am'),
(53, '9', '20200430124643', '2', '2020-05-07 08:44:26 am'),
(54, '5', '20200430124643', '2', '2020-05-07 08:59:27 am'),
(55, '8', '20200430124643', '2', '2020-05-07 08:06:28 am'),
(56, '7', '20200430124643', '2', '2020-05-07 08:12:28 am'),
(57, '7', '20200430124643', '3', '2020-05-07 08:34:28 am'),
(58, '8', '20200430124643', '3', '2020-05-07 08:42:28 am'),
(59, '5', '20200430124643', '2', '2020-05-07 08:26:31 am'),
(60, '9', '20200430124643', '2', '2020-05-07 08:31:31 am'),
(61, '9', '20200430124643', '3', '2020-05-07 08:01:32 am'),
(62, '9', '20200430124643', '5', '2020-05-07 08:38:32 am'),
(63, '9', '20200430124643', '2', '2020-05-07 08:48:34 am'),
(64, '10', '20200430124643', '2', '2020-05-07 08:53:34 am'),
(65, '9', '20200430124643', '2', '2020-05-07 08:24:37 am'),
(66, '10', '20200430124643', '2', '2020-05-07 08:14:42 am'),
(67, '9', '20200430124643', '3', '2020-05-07 08:27:42 am'),
(68, '9', '20200430124643', '5', '2020-05-07 08:33:42 am'),
(69, '9', '20200430124643', '2', '2020-05-07 08:43:42 am'),
(70, '10', '20200430124643', '2', '2020-05-07 08:51:42 am'),
(71, '9', '20200430124643', '3', '2020-05-07 08:07:45 am'),
(72, '9', '20200430124643', '5', '2020-05-07 08:12:45 am'),
(73, '9', '20200430124643', '2', '2020-05-07 08:22:45 am'),
(74, '10', '20200430124643', '2', '2020-05-07 08:27:45 am'),
(75, '9', '20200430124643', '3', '2020-05-07 08:37:45 am'),
(76, '9', '20200430124643', '5', '2020-05-07 08:50:45 am'),
(77, '9', '20200430124643', '2', '2020-05-07 08:13:46 am'),
(78, '10', '20200430124643', '2', '2020-05-07 08:21:46 am'),
(79, '9', '20200430124643', '3', '2020-05-07 08:04:47 am'),
(80, '9', '20200430124643', '5', '2020-05-07 08:39:47 am'),
(81, '5', '20200430124643', '5', '2020-05-07 08:46:47 am'),
(82, '8', '20200430124643', '5', '2020-05-07 08:51:47 am'),
(83, '7', '20200430124643', '5', '2020-05-07 08:56:47 am'),
(84, '7', '20200430124643', '2', '2020-05-07 08:02:49 am'),
(85, '9', '20200430124643', '2', '2020-05-07 08:14:49 am'),
(86, '10', '20200430124643', '2', '2020-05-07 08:19:49 am'),
(87, '9', '20200430124643', '3', '2020-05-07 08:57:49 am'),
(88, '9', '20200430124643', '5', '2020-05-07 08:01:50 am'),
(89, '10', '20200430124643', '2', '2020-05-07 08:08:50 am'),
(90, '9', '20200430124643', '2', '2020-05-07 08:13:50 am'),
(91, '9', '20200430124643', '3', '2020-05-07 08:27:50 am'),
(92, '8', '20200430124643', '2', '2020-05-07 08:48:50 am'),
(93, '5', '20200430124643', '2', '2020-05-07 08:28:51 am'),
(94, '6', '20200430124643', '2', '2020-05-07 08:35:51 am'),
(95, '8', '20200430124643', '3', '2020-05-07 08:40:51 am'),
(96, '8', '20200430124643', '5', '2020-05-07 08:45:51 am'),
(97, '6', '20200430124643', '5', '2020-05-07 08:49:51 am'),
(98, '5', '20200430124643', '5', '2020-05-07 08:54:51 am'),
(99, '9', '20200430124643', '5', '2020-05-07 08:58:51 am'),
(100, '7', '20200430124643', '5', '2020-05-07 08:02:52 am'),
(101, '7', '20200430124643', '2', '2020-05-07 08:14:52 am'),
(102, '10', '20200430124643', '2', '2020-05-07 08:29:52 am'),
(103, '9', '20200430124643', '3', '2020-05-07 08:36:52 am'),
(104, '10', '20200430124643', '3', '2020-05-07 08:44:52 am'),
(105, '10', '20200430124643', '3', '2020-05-07 08:49:52 am'),
(106, '9', '20200430124643', '5', '2020-05-07 08:02:53 am'),
(107, '7', '20200430124643', '5', '2020-05-07 08:07:53 am'),
(108, '9', '20200430124643', '2', '2020-05-07 08:26:53 am'),
(109, '10', '20200430124643', '2', '2020-05-07 08:34:53 am'),
(110, '9', '20200430124643', '3', '2020-05-07 08:54:53 am'),
(111, '9', '20200430124643', '5', '2020-05-07 08:03:54 am'),
(112, '10', '20200430124643', '2', '2020-05-07 08:47:54 am'),
(113, '9', '20200430124643', '2', '2020-05-07 08:02:59 am'),
(114, '9', '20200430124643', '5', '2020-05-07 09:10:18 am'),
(115, '10', '20200430124643', '2', '2020-05-07 09:18:18 am'),
(116, '9', '20200430124643', '2', '2020-05-07 09:57:19 am'),
(117, '9', '20200430124643', '5', '2020-05-07 09:58:22 am'),
(118, '10', '20200430124643', '2', '2020-05-07 09:08:23 am'),
(119, '9', '20200430124643', '5', '2020-05-07 09:51:23 am'),
(120, '10', '20200430124643', '2', '2020-05-07 09:39:24 am'),
(121, '9', '20200430124643', '2', '2020-05-07 09:04:25 am'),
(122, '9', '20200430124643', '5', '2020-05-07 09:15:27 am'),
(123, '10', '20200430124643', '2', '2020-05-07 09:21:27 am'),
(124, '9', '20200430124643', '3', '2020-05-07 09:39:27 am'),
(125, '9', '20200430124643', '3', '2020-05-07 09:44:27 am'),
(126, '9', '20200430124643', '5', '2020-05-07 09:20:28 am'),
(127, '10', '20200430124643', '2', '2020-05-07 09:36:42 am'),
(128, '9', '20200430124643', '2', '2020-05-07 09:46:42 am'),
(129, '9', '20200430124643', '5', '2020-05-07 09:18:43 am'),
(130, '10', '20200430124643', '2', '2020-05-07 09:26:43 am'),
(131, '9', '20200430124643', '2', '2020-05-07 09:09:44 am'),
(132, '9', '20200430124643', '5', '2020-05-07 09:49:44 am'),
(133, '10', '20200430124643', '2', '2020-05-07 09:05:45 am'),
(134, '9', '20200430124643', '2', '2020-05-07 09:09:45 am'),
(135, '9', '20200430124643', '5', '2020-05-07 09:52:50 am'),
(136, '10', '20200430124643', '2', '2020-05-07 09:06:51 am'),
(137, '9', '20200430124643', '2', '2020-05-07 09:58:52 am'),
(138, '9', '20200430124643', '5', '2020-05-07 09:05:53 am'),
(139, '10', '20200430124643', '2', '2020-05-07 09:15:53 am'),
(140, '9', '20200430124643', '2', '2020-05-07 09:22:53 am'),
(141, '9', '20200430124643', '5', '2020-05-07 09:34:53 am'),
(142, '9', '20200430124643', '2', '2020-05-07 09:42:53 am'),
(143, '9', '20200430124643', '5', '2020-05-07 09:29:54 am'),
(144, '9', '20200430124643', '2', '2020-05-07 09:43:58 am'),
(145, '10', '20200430124643', '2', '2020-05-07 09:09:59 am'),
(146, '9', '20200430124643', '3', '2020-05-07 09:20:59 am'),
(147, '9', '20200430124643', '5', '2020-05-07 09:32:59 am'),
(148, '9', '20200430124643', '2', '2020-05-07 09:41:59 am'),
(149, '10', '20200430124643', '2', '2020-05-07 10:32:08 am'),
(150, '9', '20200430124643', '3', '2020-05-07 10:10:09 am'),
(151, '9', '20200430124643', '5', '2020-05-07 10:15:09 am'),
(152, '9', '20200430124643', '2', '2020-05-07 10:24:09 am'),
(153, '10', '20200430124643', '2', '2020-05-07 10:29:09 am'),
(154, '9', '20200430124643', '3', '2020-05-07 10:46:19 am'),
(155, '9', '20200430124643', '5', '2020-05-07 10:50:19 am'),
(156, '10', '20200430124643', '2', '2020-05-07 10:57:20 am'),
(157, '9', '20200430124643', '2', '2020-05-07 10:30:22 am'),
(158, '9', '20200430124643', '3', '2020-05-07 10:13:23 am'),
(159, '9', '20200430124643', '5', '2020-05-07 10:18:23 am'),
(160, '10', '20200430124643', '2', '2020-05-07 10:27:23 am'),
(161, '10', '20200430124643', '2', '2020-05-07 10:37:24 am'),
(162, '10', '20200430124643', '2', '2020-05-07 10:06:27 am'),
(163, '9', '20200430124643', '2', '2020-05-07 10:12:27 am'),
(164, '9', '20200430124643', '3', '2020-05-07 10:30:29 am'),
(165, '9', '20200430124643', '5', '2020-05-07 10:35:29 am'),
(166, '10', '20200430124643', '2', '2020-05-07 10:44:29 am'),
(167, '9', '20200430124643', '2', '2020-05-07 10:52:29 am'),
(168, '9', '20200430124643', '5', '2020-05-07 10:00:30 am'),
(169, '9', '20200430124643', '2', '2020-05-07 10:08:30 am'),
(170, '10', '20200430124643', '2', '2020-05-07 10:13:30 am'),
(171, '9', '20200430124643', '2', '2020-05-07 10:50:31 am'),
(172, '9', '20200430124643', '5', '2020-05-07 10:59:31 am'),
(173, '10', '20200430124643', '2', '2020-05-07 10:06:32 am'),
(174, '9', '20200430124643', '2', '2020-05-07 10:11:32 am'),
(175, '9', '20200430124643', '5', '2020-05-07 10:21:32 am'),
(176, '9', '20200430124643', '2', '2020-05-07 10:30:32 am'),
(177, '10', '20200430124643', '2', '2020-05-07 10:35:32 am'),
(178, '9', '20200430124643', '2', '2020-05-07 10:18:33 am'),
(179, '9', '20200430124643', '5', '2020-05-07 10:27:33 am'),
(180, '10', '20200430124643', '2', '2020-05-07 10:34:33 am'),
(181, '9', '20200430124643', '2', '2020-05-07 10:22:34 am'),
(182, '9', '20200430124643', '5', '2020-05-07 10:29:34 am'),
(183, '9', '20200430124643', '2', '2020-05-07 10:36:34 am'),
(184, '10', '20200430124643', '2', '2020-05-07 10:41:34 am'),
(185, '9', '20200430124643', '2', '2020-05-07 10:54:35 am'),
(186, '9', '20200430124643', '3', '2020-05-07 10:59:35 am'),
(187, '9', '20200430124643', '5', '2020-05-07 10:04:36 am'),
(188, '9', '20200430124643', '2', '2020-05-07 10:12:36 am'),
(189, '10', '20200430124643', '2', '2020-05-07 10:14:39 am'),
(190, '9', '20200430124643', '2', '2020-05-07 10:18:40 am'),
(191, '9', '20200430124643', '5', '2020-05-07 10:26:41 am'),
(192, '9', '20200430124643', '2', '2020-05-07 10:34:41 am'),
(193, '10', '20200430124643', '2', '2020-05-07 10:39:41 am'),
(194, '9', '20200430124643', '2', '2020-05-07 10:36:42 am'),
(195, '9', '20200430124643', '5', '2020-05-07 10:44:42 am'),
(196, '9', '20200430124643', '2', '2020-05-07 10:55:42 am'),
(197, '10', '20200430124643', '2', '2020-05-07 10:59:42 am'),
(198, '9', '20200430124643', '2', '2020-05-07 10:41:43 am'),
(199, '9', '20200430124643', '5', '2020-05-07 10:50:43 am'),
(200, '9', '20200430124643', '2', '2020-05-07 10:05:44 am'),
(201, '10', '20200430124643', '2', '2020-05-07 10:10:44 am'),
(202, '9', '20200430124643', '2', '2020-05-07 10:42:44 am'),
(203, '9', '20200430124643', '2', '2020-05-07 10:51:44 am'),
(204, '9', '20200430124643', '2', '2020-05-07 10:03:45 am'),
(205, '9', '20200430124643', '3', '2020-05-07 10:09:45 am'),
(206, '9', '20200430124643', '5', '2020-05-07 10:15:45 am'),
(207, '9', '20200430124643', '2', '2020-05-07 10:27:45 am'),
(208, '10', '20200430124643', '2', '2020-05-07 10:32:45 am'),
(209, '9', '20200430124643', '2', '2020-05-07 10:02:46 am'),
(210, '9', '20200430124643', '5', '2020-05-07 10:28:47 am'),
(211, '9', '20200430124643', '2', '2020-05-07 10:36:47 am'),
(212, '10', '20200430124643', '2', '2020-05-07 10:14:50 am'),
(213, '9', '20200430124643', '2', '2020-05-07 10:37:50 am'),
(214, '9', '20200430124643', '5', '2020-05-07 10:42:50 am'),
(215, '10', '20200430124643', '2', '2020-05-07 10:00:51 am'),
(216, '9', '20200430124643', '2', '2020-05-07 10:06:51 am'),
(217, '9', '20200430124643', '5', '2020-05-07 10:21:51 am'),
(218, '9', '20200430124643', '2', '2020-05-07 10:29:51 am'),
(219, '10', '20200430124643', '2', '2020-05-07 10:16:52 am'),
(220, '9', '20200430124643', '2', '2020-05-07 10:08:53 am'),
(221, '9', '20200430124643', '2', '2020-05-07 10:14:53 am'),
(222, '9', '20200430124643', '2', '2020-05-07 10:24:53 am'),
(223, '9', '20200430124643', '2', '2020-05-07 10:37:53 am'),
(224, '10', '20200430124643', '2', '2020-05-07 10:49:53 am'),
(225, '9', '20200430124643', '2', '2020-05-07 10:53:53 am'),
(226, '9', '20200430124643', '5', '2020-05-07 10:34:57 am'),
(227, '9', '20200430124643', '2', '2020-05-07 10:59:57 am'),
(228, '10', '20200430124643', '2', '2020-05-07 10:04:58 am'),
(229, '9', '20200430124643', '2', '2020-05-07 10:35:59 am'),
(230, '9', '20200430124643', '5', '2020-05-07 10:41:59 am'),
(231, '9', '20200430124643', '2', '2020-05-07 10:51:59 am'),
(232, '10', '20200430124643', '2', '2020-05-07 10:55:59 am'),
(233, '10', '20200430124643', '2', '2020-05-07 11:35:00 am'),
(234, '9', '20200430124643', '5', '2020-05-07 11:46:00 am'),
(235, '9', '20200430124643', '2', '2020-05-07 11:54:00 am'),
(236, '10', '20200430124643', '2', '2020-05-07 11:17:01 am'),
(237, '9', '20200430124643', '5', '2020-05-07 11:46:01 am'),
(238, '9', '20200430124643', '2', '2020-05-07 11:53:01 am'),
(239, '10', '20200430124643', '2', '2020-05-07 11:54:02 am'),
(240, '9', '20200430124643', '5', '2020-05-07 11:03:03 am'),
(241, '9', '20200430124643', '2', '2020-05-07 11:11:03 am'),
(242, '10', '20200430124643', '2', '2020-05-07 11:15:03 am'),
(243, '9', '20200430124643', '5', '2020-05-07 11:16:40 am'),
(244, '9', '20200430124643', '1', '2020-05-07 11:44:40 am'),
(245, '9', '20200430124643', '2', '2020-05-07 11:08:41 am'),
(246, '10', '20200430124643', '2', '2020-05-07 11:14:41 am'),
(247, '11', '20200430124643', '2', '2020-05-07 11:56:48 am'),
(248, '11', '20200430124643', '2', '2020-05-07 11:29:49 am'),
(249, '9', '20200430124643', '5', '2020-05-07 11:40:49 am'),
(250, '10', '20200430124643', '2', '2020-05-07 11:42:50 am'),
(251, '11', '20200430124643', '2', '2020-05-07 11:47:50 am'),
(252, '9', '20200430124643', '2', '2020-05-07 11:52:50 am'),
(253, '9', '20200430124643', '2', '2020-05-07 11:12:52 am'),
(254, '11', '20200430124643', '2', '2020-05-07 11:20:52 am'),
(255, '10', '20200430124643', '2', '2020-05-07 11:26:52 am'),
(256, '9', '20200430124643', '3', '2020-05-07 11:32:52 am'),
(257, '9', '20200430124643', '5', '2020-05-07 11:46:52 am'),
(258, '9', '20200430124643', '2', '2020-05-07 11:56:52 am'),
(259, '11', '20200430124643', '2', '2020-05-07 11:01:53 am'),
(260, '10', '20200430124643', '2', '2020-05-07 11:06:53 am'),
(261, '9', '20200430124643', '3', '2020-05-07 11:24:53 am'),
(262, '9', '20200430124643', '5', '2020-05-07 11:37:54 am'),
(263, '10', '20200430124643', '2', '2020-05-07 11:46:54 am'),
(264, '11', '20200430124643', '2', '2020-05-07 11:51:54 am'),
(265, '9', '20200430124643', '2', '2020-05-07 11:14:55 am'),
(266, '11', '20200430124643', '2', '2020-05-07 11:11:57 am'),
(267, '11', '20200430124643', '2', '2020-05-07 11:20:57 am'),
(268, '10', '20200430124643', '2', '2020-05-07 11:32:57 am'),
(269, '10', '20200430124643', '2', '2020-05-07 11:36:57 am'),
(270, '11', '20200430124643', '2', '2020-05-07 11:44:57 am'),
(271, '11', '20200430124643', '2', '2020-05-07 11:13:58 am'),
(272, '10', '20200430124643', '2', '2020-05-07 11:18:58 am'),
(273, '9', '20200430124643', '5', '2020-05-07 11:23:58 am'),
(274, '11', '20200430124643', '2', '2020-05-07 11:34:58 am'),
(275, '9', '20200430124643', '2', '2020-05-07 11:39:58 am'),
(276, '10', '20200430124643', '2', '2020-05-07 11:44:58 am'),
(277, '9', '20200430124643', '5', '2020-05-07 12:48:06 pm'),
(278, '9', '20200430124643', '2', '2020-05-07 12:11:07 pm'),
(279, '11', '20200430124643', '2', '2020-05-07 12:51:07 pm'),
(280, '10', '20200430124643', '2', '2020-05-07 12:59:07 pm'),
(281, '9', '20200430124643', '2', '2020-05-07 12:07:08 pm'),
(282, '10', '20200430124643', '2', '2020-05-07 12:17:10 pm'),
(283, '9', '20200430124643', '2', '2020-05-07 12:25:10 pm'),
(284, '9', '20200430124643', '2', '2020-05-07 12:30:10 pm'),
(285, '11', '20200430124643', '2', '2020-05-07 12:35:10 pm'),
(286, '11', '20200430124643', '2', '2020-05-07 12:42:10 pm'),
(287, '9', '20200430124643', '2', '2020-05-07 12:55:10 pm'),
(288, '9', '20200430124643', '5', '2020-05-07 12:08:11 pm'),
(289, '9', '20200430124643', '2', '2020-05-07 12:17:11 pm'),
(290, '10', '20200430124643', '2', '2020-05-07 12:22:11 pm'),
(291, '11', '20200430124643', '2', '2020-05-07 12:35:11 pm'),
(292, '9', '20200430124643', '3', '2020-05-07 12:36:12 pm'),
(293, '9', '20200430124643', '5', '2020-05-07 12:42:12 pm'),
(294, '9', '20200430124643', '5', '2020-05-07 12:42:12 pm'),
(295, '10', '20200430124643', '2', '2020-05-07 12:50:12 pm'),
(296, '11', '20200430124643', '2', '2020-05-07 12:55:12 pm'),
(297, '9', '20200430124643', '2', '2020-05-07 12:00:13 pm'),
(298, '9', '20200430124643', '5', '2020-05-07 12:09:13 pm'),
(299, '9', '20200430124643', '2', '2020-05-07 12:19:13 pm'),
(300, '11', '20200430124643', '2', '2020-05-07 12:14:15 pm'),
(301, '10', '20200430124643', '2', '2020-05-07 12:19:15 pm'),
(302, '9', '20200430124643', '3', '2020-05-07 12:25:16 pm'),
(303, '9', '20200430124643', '5', '2020-05-07 12:30:16 pm'),
(304, '9', '20200430124643', '2', '2020-05-07 12:39:16 pm'),
(305, '10', '20200430124643', '2', '2020-05-07 12:44:16 pm'),
(306, '11', '20200430124643', '2', '2020-05-07 12:50:16 pm'),
(307, '9', '20200430124643', '3', '2020-05-07 12:14:18 pm'),
(308, '9', '20200430124643', '5', '2020-05-07 12:30:18 pm'),
(309, '9', '20200430124643', '3', '2020-05-07 12:54:32 pm'),
(310, '9', '20200430124643', '5', '2020-05-07 12:59:32 pm'),
(311, '9', '20200430124643', '5', '2020-05-07 12:45:33 pm'),
(312, '9', '20200430124643', '3', '2020-05-07 12:01:36 pm'),
(313, '9', '20200430124643', '5', '2020-05-07 12:06:36 pm'),
(314, '9', '20200430124643', '5', '2020-05-07 12:01:38 pm'),
(315, '9', '20200430124643', '2', '2020-05-07 01:07:05 pm'),
(316, '9', '20200430124643', '2', '2020-05-07 01:27:05 pm'),
(317, '9', '20200430124643', '5', '2020-05-07 01:36:05 pm'),
(318, '10', '20200430124643', '2', '2020-05-07 01:54:05 pm'),
(319, '9', '20200430124643', '2', '2020-05-07 01:05:06 pm'),
(320, '9', '20200430124643', '2', '2020-05-07 01:40:06 pm'),
(321, '9', '20200430124643', '5', '2020-05-07 01:45:06 pm'),
(322, '10', '20200430124643', '2', '2020-05-07 01:59:06 pm'),
(323, '9', '20200430124643', '2', '2020-05-07 01:03:07 pm'),
(324, '9', '20200430124643', '5', '2020-05-07 01:40:08 pm'),
(325, '10', '20200430124643', '2', '2020-05-07 01:51:08 pm'),
(326, '9', '20200430124643', '2', '2020-05-07 01:55:08 pm'),
(327, '9', '20200430124643', '5', '2020-05-07 01:05:09 pm'),
(328, '9', '20200430124643', '1', '2020-05-07 01:17:09 pm'),
(329, '9', '20200430124643', '2', '2020-05-07 01:38:09 pm'),
(330, '12', '20200430124643', '2', '2020-05-07 01:25:12 pm'),
(331, '10', '20200430124643', '2', '2020-05-07 01:31:12 pm'),
(332, '9', '20200430124643', '2', '2020-05-07 01:37:12 pm'),
(333, '9', '20200430124643', '5', '2020-05-07 01:00:13 pm'),
(334, '9', '20200430124643', '2', '2020-05-07 01:29:13 pm'),
(335, '12', '20200430124643', '2', '2020-05-07 01:50:21 pm'),
(336, '10', '20200430124643', '2', '2020-05-07 01:55:21 pm'),
(337, '9', '20200430124643', '2', '2020-05-07 01:22:22 pm'),
(338, '9', '20200430124643', '5', '2020-05-07 01:29:22 pm'),
(339, '9', '20200430124643', '2', '2020-05-07 01:08:23 pm'),
(340, '12', '20200430124643', '2', '2020-05-07 01:22:23 pm'),
(341, '10', '20200430124643', '2', '2020-05-07 01:26:23 pm'),
(342, '9', '20200430124643', '2', '2020-05-07 01:45:23 pm'),
(343, '9', '20200430124643', '5', '2020-05-07 01:34:44 pm'),
(344, '10', '20200430124643', '2', '2020-05-07 02:12:14 pm'),
(345, '9', '20200430124643', '2', '2020-05-07 02:44:14 pm'),
(346, '9', '20200430124643', '5', '2020-05-07 02:04:15 pm'),
(347, '9', '20200430124643', '2', '2020-05-07 02:23:15 pm'),
(348, '10', '20200430124643', '2', '2020-05-07 02:29:15 pm'),
(349, '9', '20200430124643', '2', '2020-05-07 02:16:16 pm'),
(350, '10', '20200430124643', '2', '2020-05-07 02:28:16 pm'),
(351, '12', '20200430124643', '2', '2020-05-07 02:45:16 pm'),
(352, '9', '20200430124643', '2', '2020-05-07 02:18:17 pm'),
(353, '9', '20200430124643', '3', '2020-05-07 02:33:17 pm'),
(354, '9', '20200430124643', '5', '2020-05-07 02:38:17 pm'),
(355, '12', '20200430124643', '2', '2020-05-07 02:53:17 pm'),
(356, '10', '20200430124643', '2', '2020-05-07 02:08:19 pm'),
(357, '9', '20200430124643', '2', '2020-05-07 02:13:19 pm'),
(358, '9', '20200430124643', '2', '2020-05-07 02:33:19 pm'),
(359, '10', '20200430124643', '3', '2020-05-07 02:29:20 pm'),
(360, '12', '20200430124643', '3', '2020-05-07 02:33:20 pm'),
(361, '9', '20200430124643', '3', '2020-05-07 02:50:20 pm'),
(362, '9', '20200430124643', '5', '2020-05-07 02:54:20 pm'),
(363, '12', '20200430124643', '2', '2020-05-07 02:10:22 pm'),
(364, '9', '20200430124643', '2', '2020-05-07 02:54:22 pm'),
(365, '9', '20200430124643', '3', '2020-05-07 02:12:23 pm'),
(366, '9', '20200430124643', '5', '2020-05-07 02:18:23 pm'),
(367, '12', '20200430124643', '2', '2020-05-07 02:02:24 pm'),
(368, '9', '20200430124643', '2', '2020-05-07 02:10:30 pm'),
(369, '9', '20200430124643', '3', '2020-05-07 02:24:30 pm'),
(370, '9', '20200430124643', '5', '2020-05-07 02:29:30 pm'),
(371, '9', '20200430124643', '2', '2020-05-07 02:44:30 pm'),
(372, '10', '20200430124643', '2', '2020-05-07 02:51:30 pm'),
(373, '10', '20200430124643', '2', '2020-05-07 02:43:31 pm'),
(374, '9', '20200430124643', '3', '2020-05-07 02:10:32 pm'),
(375, '9', '20200430124643', '5', '2020-05-07 02:17:32 pm'),
(376, '9', '20200430124643', '2', '2020-05-07 02:27:32 pm'),
(377, '10', '20200430124643', '2', '2020-05-07 02:32:32 pm'),
(378, '12', '20200430124643', '2', '2020-05-07 02:43:32 pm'),
(379, '10', '20200430124643', '2', '2020-05-07 02:22:35 pm'),
(380, '10', '20200430124643', '2', '2020-05-07 02:11:37 pm'),
(381, '12', '20200430124643', '2', '2020-05-07 02:30:37 pm'),
(382, '12', '20200430124643', '2', '2020-05-07 02:40:37 pm'),
(383, '12', '20200430124643', '2', '2020-05-07 02:59:37 pm'),
(384, '12', '20200430124643', '2', '2020-05-07 02:26:38 pm'),
(385, '12', '20200430124643', '2', '2020-05-07 02:48:38 pm'),
(386, '12', '20200430124643', '2', '2020-05-07 02:47:39 pm'),
(387, '12', '20200430124643', '2', '2020-05-07 02:59:39 pm'),
(388, '12', '20200430124643', '2', '2020-05-07 02:11:40 pm'),
(389, '12', '20200430124643', '2', '2020-05-07 02:31:40 pm'),
(390, '9', '20200430124643', '2', '2020-05-07 02:27:41 pm'),
(391, '9', '20200430124643', '5', '2020-05-07 02:34:41 pm'),
(392, '12', '20200430124643', '2', '2020-05-07 02:51:41 pm'),
(393, '10', '20200430124643', '2', '2020-05-07 02:47:42 pm'),
(394, '10', '20200430124643', '2', '2020-05-07 02:18:44 pm'),
(395, '10', '20200430124643', '2', '2020-05-07 02:35:46 pm'),
(396, '9', '20200430124643', '2', '2020-05-07 02:47:46 pm'),
(397, '12', '20200430124643', '3', '2020-05-07 02:05:47 pm'),
(398, '9', '20200430124643', '2', '2020-05-07 02:11:47 pm'),
(399, '10', '20200430124643', '2', '2020-05-07 02:20:47 pm'),
(400, '9', '20200430124643', '5', '2020-05-07 02:28:48 pm'),
(401, '10', '20200430124643', '2', '2020-05-07 02:36:48 pm'),
(402, '9', '20200430124643', '2', '2020-05-07 02:06:49 pm'),
(403, '10', '20200430124643', '2', '2020-05-07 02:46:49 pm'),
(404, '9', '20200430124643', '5', '2020-05-07 02:51:49 pm'),
(405, '10', '20200430124643', '2', '2020-05-07 02:00:50 pm'),
(406, '9', '20200430124643', '2', '2020-05-07 02:19:50 pm'),
(407, '9', '20200430124643', '2', '2020-05-07 02:39:53 pm'),
(408, '9', '20200430124643', '2', '2020-05-07 02:09:54 pm'),
(409, '9', '20200430124643', '2', '2020-05-07 02:09:55 pm'),
(410, '9', '20200430124643', '2', '2020-05-07 02:23:55 pm'),
(411, '9', '20200430124643', '2', '2020-05-07 02:43:55 pm'),
(412, '9', '20200430124643', '2', '2020-05-07 02:12:56 pm'),
(413, '9', '20200430124643', '2', '2020-05-07 02:22:56 pm'),
(414, '9', '20200430124643', '2', '2020-05-07 02:34:56 pm'),
(415, '12', '20200430124643', '2', '2020-05-07 02:41:56 pm'),
(416, '12', '20200430124643', '2', '2020-05-07 02:55:56 pm'),
(417, '10', '20200430124643', '2', '2020-05-07 02:03:57 pm'),
(418, '10', '20200430124643', '3', '2020-05-07 02:38:59 pm'),
(419, '9', '20200430124643', '5', '2020-05-07 02:44:59 pm'),
(420, '9', '20200430124643', '2', '2020-05-07 02:53:59 pm'),
(421, '12', '20200430124643', '2', '2020-05-07 02:58:59 pm'),
(422, '10', '20200430124643', '2', '2020-05-07 03:07:00 pm'),
(423, '9', '20200430124643', '5', '2020-05-07 03:16:00 pm'),
(424, '10', '20200430124643', '2', '2020-05-07 03:29:00 pm'),
(425, '12', '20200430124643', '2', '2020-05-07 03:34:00 pm'),
(426, '9', '20200430124643', '5', '2020-05-07 03:48:05 pm'),
(427, '12', '20200430124643', '2', '2020-05-07 03:59:05 pm'),
(428, '9', '20200430124643', '2', '2020-05-07 03:04:06 pm'),
(429, '9', '20200430124643', '2', '2020-05-07 03:21:07 pm'),
(430, '10', '20200430124643', '2', '2020-05-07 03:26:07 pm'),
(431, '12', '20200430124643', '3', '2020-05-07 03:30:07 pm'),
(432, '9', '20200430124643', '2', '2020-05-07 03:37:07 pm'),
(433, '9', '20200430124643', '2', '2020-05-07 03:42:07 pm'),
(434, '9', '20200430124643', '3', '2020-05-07 03:56:07 pm'),
(435, '9', '20200430124643', '5', '2020-05-07 03:02:08 pm'),
(436, '10', '20200430124643', '2', '2020-05-07 03:42:09 pm'),
(437, '9', '20200430124643', '2', '2020-05-07 03:50:09 pm'),
(438, '12', '20200430124643', '2', '2020-05-07 03:10:11 pm'),
(439, '10', '20200430124643', '3', '2020-05-07 03:16:11 pm'),
(440, '12', '20200430124643', '2', '2020-05-07 03:20:11 pm'),
(441, '12', '20200430124643', '2', '2020-05-07 03:20:11 pm'),
(442, '9', '20200430124643', '3', '2020-05-07 03:25:11 pm'),
(443, '9', '20200430124643', '5', '2020-05-07 03:29:11 pm'),
(444, '9', '20200430124643', '2', '2020-05-07 03:39:11 pm'),
(445, '12', '20200430124643', '2', '2020-05-07 03:44:11 pm'),
(446, '10', '20200430124643', '2', '2020-05-07 03:04:12 pm'),
(447, '12', '20200430124643', '2', '2020-05-07 03:40:12 pm'),
(448, '10', '20200430124643', '2', '2020-05-07 03:35:13 pm'),
(449, '9', '20200430124643', '5', '2020-05-07 03:48:13 pm'),
(450, '9', '20200430124643', '2', '2020-05-07 03:00:14 pm'),
(451, '10', '20200430124643', '2', '2020-05-07 03:08:14 pm'),
(452, '12', '20200430124643', '2', '2020-05-07 03:41:14 pm'),
(453, '9', '20200430124643', '3', '2020-05-07 03:29:15 pm'),
(454, '9', '20200430124643', '5', '2020-05-07 03:34:15 pm'),
(455, '9', '20200430124643', '2', '2020-05-07 03:47:15 pm'),
(456, '10', '20200430124643', '2', '2020-05-07 03:52:15 pm'),
(457, '12', '20200430124643', '2', '2020-05-07 03:01:16 pm'),
(458, '9', '20200430124643', '3', '2020-05-07 03:28:16 pm'),
(459, '9', '20200430124643', '5', '2020-05-07 03:33:16 pm'),
(460, '9', '20200430124643', '2', '2020-05-07 03:45:16 pm'),
(461, '12', '20200430124643', '2', '2020-05-07 03:51:16 pm'),
(462, '10', '20200430124643', '2', '2020-05-07 03:54:17 pm'),
(463, '9', '20200430124643', '3', '2020-05-07 03:48:18 pm'),
(464, '9', '20200430124643', '5', '2020-05-07 03:54:18 pm'),
(465, '9', '20200430124643', '2', '2020-05-07 03:06:19 pm'),
(466, '12', '20200430124643', '2', '2020-05-07 03:15:19 pm'),
(467, '10', '20200430124643', '2', '2020-05-07 03:40:20 pm'),
(468, '12', '20200430124643', '2', '2020-05-07 03:44:20 pm'),
(469, '10', '20200430124643', '3', '2020-05-07 03:10:21 pm'),
(470, '9', '20200430124643', '3', '2020-05-07 03:15:21 pm'),
(471, '9', '20200430124643', '5', '2020-05-07 03:19:21 pm'),
(472, '12', '20200430124643', '2', '2020-05-07 03:28:21 pm'),
(473, '9', '20200430124643', '2', '2020-05-07 03:03:22 pm'),
(474, '9', '20200430124643', '2', '2020-05-07 03:09:22 pm'),
(475, '10', '20200430124643', '2', '2020-05-07 03:13:22 pm'),
(476, '9', '20200430124643', '5', '2020-05-07 03:22:22 pm'),
(477, '9', '20200430124643', '2', '2020-05-07 03:30:22 pm'),
(478, '12', '20200430124643', '2', '2020-05-07 03:35:22 pm'),
(479, '10', '20200430124643', '2', '2020-05-07 03:46:22 pm'),
(480, '12', '20200430124643', '2', '2020-05-07 03:38:23 pm'),
(481, '9', '20200430124643', '5', '2020-05-07 03:43:23 pm'),
(482, '10', '20200430124643', '2', '2020-05-07 03:52:23 pm'),
(483, '9', '20200430124643', '2', '2020-05-07 03:00:24 pm'),
(484, '12', '20200430124643', '2', '2020-05-07 03:32:24 pm'),
(485, '9', '20200430124643', '5', '2020-05-07 03:56:28 pm'),
(486, '9', '20200430124643', '2', '2020-05-07 03:07:29 pm'),
(487, '12', '20200430124643', '2', '2020-05-07 03:15:29 pm'),
(488, '12', '20200430124643', '2', '2020-05-07 03:46:31 pm'),
(489, '10', '20200430124643', '2', '2020-05-07 03:21:32 pm'),
(490, '9', '20200430124643', '3', '2020-05-07 03:29:32 pm'),
(491, '9', '20200430124643', '5', '2020-05-07 03:33:32 pm'),
(492, '9', '20200430124643', '2', '2020-05-07 03:42:32 pm'),
(493, '12', '20200430124643', '2', '2020-05-07 03:48:32 pm'),
(494, '10', '20200430124643', '2', '2020-05-07 03:57:32 pm'),
(495, '9', '20200430124643', '3', '2020-05-07 03:48:34 pm'),
(496, '9', '20200430124643', '5', '2020-05-07 03:54:34 pm'),
(497, '9', '20200430124643', '2', '2020-05-07 03:04:35 pm'),
(498, '10', '20200430124643', '2', '2020-05-07 03:08:35 pm'),
(499, '12', '20200430124643', '2', '2020-05-07 03:13:35 pm'),
(500, '9', '20200430124643', '5', '2020-05-07 03:56:36 pm'),
(501, '9', '20200430124643', '2', '2020-05-07 03:05:37 pm'),
(502, '12', '20200430124643', '2', '2020-05-07 03:13:37 pm'),
(503, '10', '20200430124643', '2', '2020-05-07 03:17:37 pm'),
(504, '12', '20200430124643', '2', '2020-05-07 03:44:37 pm'),
(505, '9', '20200430124643', '5', '2020-05-07 03:50:37 pm'),
(506, '9', '20200430124643', '2', '2020-05-07 03:02:38 pm'),
(507, '12', '20200430124643', '2', '2020-05-07 03:08:38 pm'),
(508, '10', '20200430124643', '2', '2020-05-07 03:13:38 pm'),
(509, '9', '20200430124643', '5', '2020-05-07 03:29:38 pm'),
(510, '10', '20200430124643', '2', '2020-05-07 03:45:38 pm'),
(511, '12', '20200430124643', '2', '2020-05-07 03:50:38 pm'),
(512, '9', '20200430124643', '5', '2020-05-07 03:31:43 pm'),
(513, '12', '20200430124643', '2', '2020-05-07 03:47:43 pm'),
(514, '9', '20200430124643', '2', '2020-05-07 03:15:44 pm'),
(515, '9', '20200430124643', '2', '2020-05-07 03:24:44 pm'),
(516, '9', '20200430124643', '5', '2020-05-07 03:48:44 pm'),
(517, '12', '20200430124643', '2', '2020-05-07 03:01:45 pm'),
(518, '9', '20200430124643', '2', '2020-05-07 03:12:45 pm'),
(519, '9', '20200430124643', '5', '2020-05-07 03:07:46 pm'),
(520, '12', '20200430124643', '2', '2020-05-07 03:20:46 pm'),
(521, '12', '20200430124643', '2', '2020-05-07 03:06:47 pm'),
(522, '10', '20200430124643', '2', '2020-05-07 03:51:50 pm'),
(523, '10', '20200430124643', '2', '2020-05-07 03:53:51 pm'),
(524, '10', '20200430124643', '2', '2020-05-07 03:18:53 pm'),
(525, '10', '20200430124643', '2', '2020-05-07 03:48:53 pm'),
(526, '9', '20200430124643', '5', '2020-05-07 03:18:54 pm'),
(527, '12', '20200430124643', '2', '2020-05-07 03:28:54 pm'),
(528, '10', '20200430124643', '2', '2020-05-07 03:32:54 pm'),
(529, '9', '20200430124643', '2', '2020-05-07 03:37:54 pm'),
(530, '9', '20200430124643', '2', '2020-05-07 03:27:55 pm'),
(531, '9', '20200430124643', '2', '2020-05-07 03:16:56 pm'),
(532, '9', '20200430124643', '2', '2020-05-07 03:26:56 pm'),
(533, '9', '20200430124643', '2', '2020-05-07 03:57:56 pm'),
(534, '9', '20200430124643', '2', '2020-05-07 03:22:57 pm'),
(535, '9', '20200430124643', '3', '2020-05-07 03:54:57 pm'),
(536, '9', '20200430124643', '3', '2020-05-07 03:01:58 pm'),
(537, '9', '20200430124643', '5', '2020-05-07 03:13:58 pm'),
(538, '12', '20200430124643', '2', '2020-05-07 03:24:58 pm'),
(539, '10', '20200430124643', '2', '2020-05-07 03:28:58 pm'),
(540, '9', '20200430124643', '2', '2020-05-07 03:34:58 pm'),
(541, '9', '20200430124643', '2', '2020-05-07 03:38:59 pm'),
(542, '9', '20200430124643', '5', '2020-05-07 03:47:59 pm'),
(543, '12', '20200430124643', '2', '2020-05-07 03:59:59 pm'),
(544, '10', '20200430124643', '2', '2020-05-07 04:04:00 pm'),
(545, '9', '20200430124643', '2', '2020-05-07 04:08:00 pm'),
(546, '9', '20200430124643', '5', '2020-05-07 04:15:00 pm'),
(547, '10', '20200430124643', '2', '2020-05-07 04:23:00 pm'),
(548, '9', '20200430124643', '2', '2020-05-07 04:29:00 pm'),
(549, '12', '20200430124643', '2', '2020-05-07 04:34:00 pm'),
(550, '9', '20200430124643', '2', '2020-05-07 04:14:01 pm'),
(551, '9', '20200430124643', '5', '2020-05-07 04:23:02 pm'),
(552, '10', '20200430124643', '2', '2020-05-07 04:34:02 pm'),
(553, '9', '20200430124643', '2', '2020-05-07 04:00:03 pm'),
(554, '12', '20200430124643', '2', '2020-05-07 04:13:04 pm'),
(555, '9', '20200430124643', '2', '2020-05-07 04:21:04 pm'),
(556, '9', '20200430124643', '5', '2020-05-07 04:26:04 pm'),
(557, '12', '20200430124643', '2', '2020-05-07 04:36:04 pm'),
(558, '9', '20200430124643', '2', '2020-05-07 04:41:04 pm'),
(559, '10', '20200430124643', '2', '2020-05-07 04:51:04 pm'),
(560, '9', '20200430124643', '2', '2020-05-07 04:07:05 pm'),
(561, '9', '20200430124643', '5', '2020-05-08 07:13:06 am'),
(562, '10', '20200430124643', '2', '2020-05-08 07:30:06 am'),
(563, '12', '20200430124643', '2', '2020-05-08 07:37:06 am'),
(564, '9', '20200430124643', '2', '2020-05-08 07:43:06 am'),
(565, '9', '20200430124643', '5', '2020-05-08 07:53:06 am'),
(566, '10', '20200430124643', '2', '2020-05-08 07:10:07 am'),
(567, '9', '20200430124643', '2', '2020-05-08 07:16:07 am'),
(568, '12', '20200430124643', '2', '2020-05-08 07:23:07 am'),
(569, '9', '20200430124643', '2', '2020-05-08 07:31:07 am'),
(570, '9', '20200430124643', '5', '2020-05-08 07:50:07 am'),
(571, '9', '20200430124643', '2', '2020-05-08 07:39:20 am'),
(572, '12', '20200430124643', '2', '2020-05-08 07:44:20 am'),
(573, '10', '20200430124643', '2', '2020-05-08 07:49:20 am'),
(574, '9', '20200430124643', '2', '2020-05-08 07:05:21 am'),
(575, '9', '20200430124643', '5', '2020-05-08 07:22:22 am'),
(576, '12', '20200430124643', '2', '2020-05-08 07:37:22 am'),
(577, '9', '20200430124643', '2', '2020-05-08 07:25:23 am'),
(578, '10', '20200430124643', '2', '2020-05-08 07:11:28 am'),
(579, '9', '20200430124643', '2', '2020-05-08 07:16:31 am'),
(580, '9', '20200430124643', '5', '2020-05-08 07:43:31 am'),
(581, '9', '20200430124643', '2', '2020-05-08 07:53:31 am'),
(582, '12', '20200430124643', '2', '2020-05-08 07:58:31 am'),
(583, '10', '20200430124643', '2', '2020-05-08 07:04:32 am'),
(584, '9', '20200430124643', '2', '2020-05-08 07:32:32 am'),
(585, '9', '20200430124643', '5', '2020-05-08 07:39:32 am'),
(586, '9', '20200430124643', '2', '2020-05-08 07:49:32 am'),
(587, '10', '20200430124643', '2', '2020-05-08 07:53:32 am'),
(588, '12', '20200430124643', '2', '2020-05-08 07:13:33 am'),
(589, '9', '20200430124643', '2', '2020-05-08 07:21:34 am'),
(590, '9', '20200430124643', '5', '2020-05-08 07:27:34 am'),
(591, '9', '20200430124643', '2', '2020-05-08 07:41:34 am'),
(592, '10', '20200430124643', '2', '2020-05-08 07:50:34 am'),
(593, '12', '20200430124643', '2', '2020-05-08 07:01:35 am'),
(594, '9', '20200430124643', '5', '2020-05-08 07:13:35 am'),
(595, '10', '20200430124643', '2', '2020-05-08 07:24:35 am'),
(596, '12', '20200430124643', '2', '2020-05-08 07:30:35 am'),
(597, '9', '20200430124643', '5', '2020-05-08 07:04:37 am'),
(598, '12', '20200430124643', '2', '2020-05-08 07:18:37 am'),
(599, '10', '20200430124643', '2', '2020-05-08 07:25:37 am'),
(600, '9', '20200430124643', '3', '2020-05-08 07:50:38 am'),
(601, '9', '20200430124643', '5', '2020-05-08 07:55:38 am'),
(602, '12', '20200430124643', '2', '2020-05-08 07:08:39 am'),
(603, '10', '20200430124643', '2', '2020-05-08 07:13:39 am'),
(604, '12', '20200430124643', '2', '2020-05-08 07:20:39 am'),
(605, '9', '20200430124643', '2', '2020-05-08 07:26:39 am'),
(606, '9', '20200430124643', '5', '2020-05-08 07:31:39 am'),
(607, '12', '20200430124643', '2', '2020-05-08 07:40:39 am'),
(608, '10', '20200430124643', '2', '2020-05-08 07:05:40 am'),
(609, '12', '20200430124643', '2', '2020-05-08 07:14:41 am'),
(610, '9', '20200430124643', '2', '2020-05-08 07:18:41 am'),
(611, '9', '20200430124643', '5', '2020-05-08 07:27:41 am'),
(612, '12', '20200430124643', '2', '2020-05-08 07:34:41 am'),
(613, '10', '20200430124643', '2', '2020-05-08 07:38:41 am'),
(614, '12', '20200430124643', '2', '2020-05-08 07:31:42 am'),
(615, '9', '20200430124643', '2', '2020-05-08 07:36:42 am'),
(616, '9', '20200430124643', '5', '2020-05-08 07:41:42 am'),
(617, '12', '20200430124643', '2', '2020-05-08 07:50:42 am'),
(618, '10', '20200430124643', '2', '2020-05-08 07:53:42 am'),
(619, '9', '20200430124643', '2', '2020-05-08 07:59:42 am'),
(620, '9', '20200430124643', '5', '2020-05-08 07:05:43 am'),
(621, '9', '20200430124643', '2', '2020-05-08 07:15:43 am'),
(622, '12', '20200430124643', '2', '2020-05-08 07:19:43 am'),
(623, '10', '20200430124643', '2', '2020-05-08 07:24:43 am'),
(624, '9', '20200430124643', '2', '2020-05-08 07:19:44 am'),
(625, '9', '20200430124643', '5', '2020-05-08 07:25:44 am'),
(626, '12', '20200430124643', '2', '2020-05-08 07:37:44 am'),
(627, '10', '20200430124643', '2', '2020-05-08 07:43:44 am'),
(628, '9', '20200430124643', '2', '2020-05-08 07:53:44 am'),
(629, '9', '20200430124643', '5', '2020-05-08 07:05:45 am'),
(630, '9', '20200430124643', '2', '2020-05-08 07:19:45 am'),
(631, '12', '20200430124643', '2', '2020-05-08 07:31:45 am'),
(632, '10', '20200430124643', '2', '2020-05-08 07:40:45 am'),
(633, '12', '20200430124643', '2', '2020-05-08 07:54:45 am'),
(634, '10', '20200430124643', '2', '2020-05-08 07:01:46 am'),
(635, '10', '20200430124643', '3', '2020-05-08 07:57:46 am'),
(636, '9', '20200430124643', '5', '2020-05-08 07:03:47 am'),
(637, '12', '20200430124643', '2', '2020-05-08 07:17:47 am'),
(638, '9', '20200430124643', '2', '2020-05-08 07:22:47 am'),
(639, '10', '20200430124643', '2', '2020-05-08 07:48:47 am'),
(640, '9', '20200430124643', '2', '2020-05-08 07:53:47 am'),
(641, '9', '20200430124643', '5', '2020-05-08 07:00:48 am'),
(642, '9', '20200430124643', '2', '2020-05-08 07:25:48 am'),
(643, '14', '20200430124643', '2', '2020-05-08 07:39:48 am'),
(644, '14', '20200430124643', '2', '2020-05-08 07:53:48 am'),
(645, '13', '20200430124643', '2', '2020-05-08 07:34:50 am'),
(646, '14', '20200430124643', '2', '2020-05-08 07:58:50 am'),
(647, '12', '20200430124643', '2', '2020-05-08 07:07:51 am'),
(648, '10', '20200430124643', '2', '2020-05-08 07:14:51 am'),
(649, '9', '20200430124643', '2', '2020-05-08 07:19:51 am'),
(650, '16', '20200430124643', '2', '2020-05-08 07:53:51 am'),
(651, '15', '20200430124643', '2', '2020-05-08 07:03:52 am'),
(652, '9', '20200430124643', '5', '2020-05-08 07:13:52 am'),
(653, '10', '20200430124643', '2', '2020-05-08 07:29:52 am'),
(654, '9', '20200430124643', '2', '2020-05-08 07:40:52 am'),
(655, '12', '20200430124643', '2', '2020-05-08 07:39:53 am'),
(656, '9', '20200430124643', '2', '2020-05-08 07:44:53 am'),
(657, '9', '20200430124643', '5', '2020-05-08 07:25:54 am'),
(658, '10', '20200430124643', '2', '2020-05-08 07:35:54 am'),
(659, '9', '20200430124643', '2', '2020-05-08 07:40:54 am'),
(660, '12', '20200430124643', '2', '2020-05-08 07:48:54 am'),
(661, '9', '20200430124643', '2', '2020-05-08 07:35:55 am'),
(662, '9', '20200430124643', '5', '2020-05-08 07:46:55 am'),
(663, '12', '20200430124643', '2', '2020-05-08 07:55:55 am'),
(664, '10', '20200430124643', '2', '2020-05-08 07:07:56 am'),
(665, '9', '20200430124643', '2', '2020-05-08 07:23:59 am'),
(666, '9', '20200430124643', '5', '2020-05-08 07:30:59 am'),
(667, '12', '20200430124643', '2', '2020-05-08 07:38:59 am'),
(668, '9', '20200430124643', '2', '2020-05-08 07:48:59 am'),
(669, '10', '20200430124643', '2', '2020-05-08 08:08:03 am'),
(670, '9', '20200430124643', '2', '2020-05-08 08:20:03 am'),
(671, '9', '20200430124643', '5', '2020-05-08 08:26:03 am'),
(672, '9', '20200430124643', '5', '2020-05-08 08:26:03 am'),
(673, '12', '20200430124643', '2', '2020-05-08 08:34:03 am'),
(674, '9', '20200430124643', '2', '2020-05-08 08:43:03 am'),
(675, '10', '20200430124643', '2', '2020-05-08 08:04:05 am'),
(676, '9', '20200430124643', '2', '2020-05-08 08:11:05 am'),
(677, '9', '20200430124643', '5', '2020-05-08 08:15:05 am'),
(678, '12', '20200430124643', '2', '2020-05-08 08:23:05 am'),
(679, '9', '20200430124643', '2', '2020-05-08 08:37:05 am'),
(680, '10', '20200430124643', '2', '2020-05-08 08:55:07 am'),
(681, '9', '20200430124643', '2', '2020-05-08 08:04:08 am'),
(682, '9', '20200430124643', '5', '2020-05-08 08:26:08 am'),
(683, '12', '20200430124643', '2', '2020-05-08 08:36:08 am'),
(684, '10', '20200430124643', '2', '2020-05-08 08:43:08 am'),
(685, '9', '20200430124643', '2', '2020-05-08 08:48:08 am'),
(686, '9', '20200430124643', '5', '2020-05-08 08:53:08 am'),
(687, '9', '20200430124643', '2', '2020-05-08 08:03:09 am'),
(688, '12', '20200430124643', '2', '2020-05-08 08:09:09 am'),
(689, '10', '20200430124643', '2', '2020-05-08 08:20:09 am'),
(690, '9', '20200430124643', '2', '2020-05-08 08:35:09 am'),
(691, '9', '20200430124643', '5', '2020-05-08 08:40:09 am'),
(692, '12', '20200430124643', '2', '2020-05-08 08:52:09 am'),
(693, '9', '20200430124643', '2', '2020-05-08 08:58:09 am'),
(694, '10', '20200430124643', '2', '2020-05-08 08:21:10 am'),
(695, '9', '20200430124643', '2', '2020-05-08 08:26:10 am'),
(696, '9', '20200430124643', '5', '2020-05-08 08:31:10 am'),
(697, '9', '20200430124643', '2', '2020-05-08 08:47:10 am'),
(698, '12', '20200430124643', '2', '2020-05-08 08:53:10 am'),
(699, '10', '20200430124643', '2', '2020-05-08 08:03:11 am'),
(700, '9', '20200430124643', '2', '2020-05-08 08:18:12 am'),
(701, '9', '20200430124643', '5', '2020-05-08 08:23:12 am'),
(702, '9', '20200430124643', '2', '2020-05-08 08:33:12 am'),
(703, '12', '20200430124643', '2', '2020-05-08 08:37:12 am'),
(704, '10', '20200430124643', '2', '2020-05-08 08:42:12 am'),
(705, '9', '20200430124643', '2', '2020-05-08 08:19:13 am'),
(706, '9', '20200430124643', '5', '2020-05-08 08:23:13 am'),
(707, '9', '20200430124643', '2', '2020-05-08 08:31:13 am'),
(708, '10', '20200430124643', '2', '2020-05-08 08:37:13 am'),
(709, '12', '20200430124643', '2', '2020-05-08 08:47:13 am'),
(710, '9', '20200430124643', '2', '2020-05-08 08:46:14 am'),
(711, '9', '20200430124643', '5', '2020-05-08 08:51:14 am'),
(712, '12', '20200430124643', '2', '2020-05-08 08:00:15 am'),
(713, '9', '20200430124643', '2', '2020-05-08 08:04:15 am'),
(714, '10', '20200430124643', '2', '2020-05-08 08:23:15 am'),
(715, '9', '20200430124643', '2', '2020-05-08 08:29:15 am'),
(716, '9', '20200430124643', '5', '2020-05-08 08:36:19 am'),
(717, '9', '20200430124643', '2', '2020-05-08 08:27:20 am'),
(718, '12', '20200430124643', '2', '2020-05-08 08:33:20 am'),
(719, '10', '20200430124643', '2', '2020-05-08 08:44:20 am'),
(720, '9', '20200430124643', '2', '2020-05-08 08:06:24 am'),
(721, '9', '20200430124643', '5', '2020-05-08 08:09:24 am'),
(722, '12', '20200430124643', '2', '2020-05-08 08:20:24 am'),
(723, '9', '20200430124643', '2', '2020-05-08 08:34:24 am'),
(724, '10', '20200430124643', '2', '2020-05-08 08:39:26 am'),
(725, '10', '20200430124643', '2', '2020-05-08 08:44:26 am'),
(726, '10', '20200430124643', '2', '2020-05-08 08:49:26 am'),
(727, '9', '20200430124643', '5', '2020-05-08 08:01:27 am'),
(728, '9', '20200430124643', '2', '2020-05-08 08:12:27 am'),
(729, '12', '20200430124643', '2', '2020-05-08 08:23:27 am'),
(730, '10', '20200430124643', '2', '2020-05-08 08:31:27 am'),
(731, '10', '20200430124643', '2', '2020-05-08 08:54:28 am'),
(732, '9', '20200430124643', '5', '2020-05-08 08:00:29 am'),
(733, '9', '20200430124643', '2', '2020-05-08 08:10:29 am'),
(734, '10', '20200430124643', '2', '2020-05-08 08:21:29 am'),
(735, '12', '20200430124643', '2', '2020-05-08 08:44:29 am'),
(736, '9', '20200430124643', '5', '2020-05-08 08:04:31 am'),
(737, '9', '20200430124643', '2', '2020-05-08 08:14:31 am'),
(738, '12', '20200430124643', '2', '2020-05-08 08:20:31 am'),
(739, '10', '20200430124643', '2', '2020-05-08 08:28:31 am'),
(740, '9', '20200430124643', '5', '2020-05-08 08:10:32 am'),
(741, '9', '20200430124643', '2', '2020-05-08 08:19:32 am'),
(742, '12', '20200430124643', '2', '2020-05-08 08:23:32 am'),
(743, '10', '20200430124643', '2', '2020-05-08 08:27:32 am'),
(744, '9', '20200430124643', '5', '2020-05-08 08:45:32 am'),
(745, '9', '20200430124643', '2', '2020-05-08 08:57:32 am'),
(746, '10', '20200430124643', '2', '2020-05-08 08:02:33 am'),
(747, '12', '20200430124643', '2', '2020-05-08 08:07:33 am'),
(748, '9', '20200430124643', '5', '2020-05-08 08:15:33 am'),
(749, '12', '20200430124643', '2', '2020-05-08 08:32:33 am'),
(750, '10', '20200430124643', '2', '2020-05-08 08:37:33 am'),
(751, '9', '20200430124643', '5', '2020-05-08 08:28:34 am'),
(752, '12', '20200430124643', '2', '2020-05-08 08:36:34 am'),
(753, '9', '20200430124643', '2', '2020-05-08 08:40:34 am'),
(754, '10', '20200430124643', '2', '2020-05-08 08:36:35 am'),
(755, '9', '20200430124643', '3', '2020-05-08 08:49:35 am'),
(756, '9', '20200430124643', '5', '2020-05-08 08:57:35 am'),
(757, '9', '20200430124643', '2', '2020-05-08 08:14:36 am'),
(758, '12', '20200430124643', '2', '2020-05-08 08:20:36 am'),
(759, '10', '20200430124643', '2', '2020-05-08 08:26:36 am'),
(760, '9', '20200430124643', '3', '2020-05-08 08:38:36 am'),
(761, '9', '20200430124643', '5', '2020-05-08 08:53:36 am'),
(762, '9', '20200430124643', '2', '2020-05-08 08:06:37 am'),
(763, '12', '20200430124643', '2', '2020-05-08 08:15:37 am'),
(764, '10', '20200430124643', '2', '2020-05-08 08:23:37 am'),
(765, '10', '20200430124643', '2', '2020-05-08 08:04:38 am'),
(766, '9', '20200430124643', '3', '2020-05-08 08:15:38 am'),
(767, '9', '20200430124643', '5', '2020-05-08 08:20:38 am'),
(768, '9', '20200430124643', '2', '2020-05-08 08:32:38 am'),
(769, '12', '20200430124643', '2', '2020-05-08 08:43:38 am'),
(770, '10', '20200430124643', '2', '2020-05-08 08:52:38 am'),
(771, '9', '20200430124643', '3', '2020-05-08 08:28:40 am'),
(772, '9', '20200430124643', '5', '2020-05-08 08:34:40 am'),
(773, '9', '20200430124643', '2', '2020-05-08 08:09:41 am'),
(774, '10', '20200430124643', '2', '2020-05-08 08:18:41 am'),
(775, '12', '20200430124643', '2', '2020-05-08 08:24:41 am'),
(776, '9', '20200430124643', '2', '2020-05-08 08:44:41 am'),
(777, '9', '20200430124643', '5', '2020-05-08 08:50:41 am'),
(778, '9', '20200430124643', '2', '2020-05-08 08:01:42 am'),
(779, '12', '20200430124643', '2', '2020-05-08 08:06:42 am'),
(780, '10', '20200430124643', '2', '2020-05-08 08:11:42 am'),
(781, '9', '20200430124643', '5', '2020-05-08 08:01:43 am'),
(782, '9', '20200430124643', '2', '2020-05-08 08:11:43 am'),
(783, '12', '20200430124643', '2', '2020-05-08 08:14:43 am'),
(784, '10', '20200430124643', '2', '2020-05-08 08:18:43 am'),
(785, '9', '20200430124643', '5', '2020-05-08 08:23:43 am'),
(786, '12', '20200430124643', '2', '2020-05-08 08:31:43 am'),
(787, '10', '20200430124643', '2', '2020-05-08 08:35:43 am'),
(788, '9', '20200430124643', '5', '2020-05-08 08:52:43 am'),
(789, '12', '20200430124643', '2', '2020-05-08 08:00:44 am'),
(790, '10', '20200430124643', '2', '2020-05-08 08:08:44 am'),
(791, '9', '20200430124643', '5', '2020-05-08 08:48:59 am'),
(792, '12', '20200430124643', '2', '2020-05-08 08:59:59 am'),
(793, '10', '20200430124643', '2', '2020-05-08 09:17:00 am'),
(794, '9', '20200430124643', '2', '2020-05-08 09:28:00 am'),
(795, '9', '20200430124643', '5', '2020-05-08 09:33:00 am'),
(796, '9', '20200430124643', '2', '2020-05-08 09:41:00 am'),
(797, '12', '20200430124643', '2', '2020-05-08 09:48:00 am'),
(798, '10', '20200430124643', '2', '2020-05-08 09:53:00 am'),
(799, '9', '20200430124643', '2', '2020-05-08 09:59:00 am'),
(800, '9', '20200430124643', '5', '2020-05-08 09:03:01 am'),
(801, '12', '20200430124643', '2', '2020-05-08 09:18:01 am'),
(802, '9', '20200430124643', '2', '2020-05-08 09:32:01 am'),
(803, '10', '20200430124643', '2', '2020-05-08 09:10:02 am'),
(804, '9', '20200430124643', '2', '2020-05-08 09:16:02 am'),
(805, '9', '20200430124643', '5', '2020-05-08 09:21:02 am'),
(806, '12', '20200430124643', '2', '2020-05-08 09:28:02 am'),
(807, '10', '20200430124643', '2', '2020-05-08 09:32:02 am'),
(808, '9', '20200430124643', '2', '2020-05-08 09:37:02 am'),
(809, '9', '20200430124643', '5', '2020-05-08 09:43:02 am'),
(810, '9', '20200430124643', '2', '2020-05-08 09:50:02 am'),
(811, '10', '20200430124643', '2', '2020-05-08 09:02:03 am'),
(812, '12', '20200430124643', '2', '2020-05-08 09:11:03 am'),
(813, '9', '20200430124643', '2', '2020-05-08 09:51:04 am'),
(814, '9', '20200430124643', '5', '2020-05-08 09:58:04 am'),
(815, '10', '20200430124643', '2', '2020-05-08 09:10:05 am'),
(816, '9', '20200430124643', '2', '2020-05-08 09:15:05 am'),
(817, '12', '20200430124643', '2', '2020-05-08 09:24:05 am'),
(818, '9', '20200430124643', '2', '2020-05-08 09:32:05 am'),
(819, '9', '20200430124643', '5', '2020-05-08 09:54:05 am'),
(820, '10', '20200430124643', '2', '2020-05-08 09:17:06 am'),
(821, '9', '20200430124643', '2', '2020-05-08 09:01:07 am'),
(822, '12', '20200430124643', '2', '2020-05-08 09:56:07 am'),
(823, '9', '20200430124643', '2', '2020-05-08 09:01:08 am'),
(824, '9', '20200430124643', '5', '2020-05-08 09:07:08 am'),
(825, '12', '20200430124643', '2', '2020-05-08 09:22:10 am'),
(826, '9', '20200430124643', '2', '2020-05-08 09:40:10 am'),
(827, '12', '20200430124643', '2', '2020-05-08 09:52:13 am'),
(828, '10', '20200430124643', '2', '2020-05-08 09:31:14 am'),
(829, '9', '20200430124643', '2', '2020-05-08 09:24:15 am'),
(830, '9', '20200430124643', '5', '2020-05-08 09:29:15 am'),
(831, '9', '20200430124643', '2', '2020-05-08 09:41:15 am'),
(832, '12', '20200430124643', '2', '2020-05-08 09:53:57 am'),
(833, '10', '20200430124643', '2', '2020-05-08 09:04:58 am'),
(834, '9', '20200430124643', '2', '2020-05-08 10:34:05 am'),
(835, '9', '20200430124643', '5', '2020-05-08 10:38:05 am'),
(836, '12', '20200430124643', '2', '2020-05-08 10:56:05 am'),
(837, '9', '20200430124643', '2', '2020-05-08 10:05:06 am'),
(838, '10', '20200430124643', '2', '2020-05-08 10:24:09 am'),
(839, '9', '20200430124643', '2', '2020-05-08 10:28:09 am'),
(840, '9', '20200430124643', '5', '2020-05-08 10:33:09 am'),
(841, '12', '20200430124643', '2', '2020-05-08 10:42:09 am');
INSERT INTO `tbl_ticketlogs` (`log_id`, `ticket_id`, `user_code`, `action`, `date_log`) VALUES
(842, '9', '20200430124643', '2', '2020-05-08 10:50:10 am'),
(843, '9', '20200430124643', '2', '2020-05-08 10:53:11 am'),
(844, '10', '20200430124643', '2', '2020-05-08 10:57:12 am'),
(845, '9', '20200430124643', '2', '2020-05-08 10:05:13 am'),
(846, '9', '20200430124643', '5', '2020-05-08 10:09:13 am'),
(847, '12', '20200430124643', '2', '2020-05-08 10:18:13 am'),
(848, '9', '20200430124643', '2', '2020-05-08 10:23:13 am'),
(849, '10', '20200430124643', '2', '2020-05-08 10:34:13 am'),
(850, '9', '20200430124643', '2', '2020-05-08 10:55:13 am'),
(851, '9', '20200430124643', '5', '2020-05-08 10:01:14 am'),
(852, '12', '20200430124643', '2', '2020-05-08 10:10:14 am'),
(853, '10', '20200430124643', '2', '2020-05-08 10:14:14 am'),
(854, '9', '20200430124643', '2', '2020-05-08 10:20:14 am'),
(855, '9', '20200430124643', '5', '2020-05-08 10:25:14 am'),
(856, '9', '20200430124643', '2', '2020-05-08 10:37:14 am'),
(857, '12', '20200430124643', '2', '2020-05-08 10:42:14 am'),
(858, '10', '20200430124643', '2', '2020-05-08 10:48:14 am'),
(859, '9', '20200430124643', '2', '2020-05-08 10:16:15 am'),
(860, '9', '20200430124643', '5', '2020-05-08 10:22:15 am'),
(861, '9', '20200430124643', '2', '2020-05-08 10:30:15 am'),
(862, '12', '20200430124643', '2', '2020-05-08 10:34:15 am'),
(863, '10', '20200430124643', '2', '2020-05-08 10:38:15 am'),
(864, '9', '20200430124643', '2', '2020-05-08 10:45:15 am'),
(865, '9', '20200430124643', '5', '2020-05-08 10:53:15 am'),
(866, '9', '20200430124643', '2', '2020-05-08 10:38:16 am'),
(867, '12', '20200430124643', '2', '2020-05-08 10:44:16 am'),
(868, '10', '20200430124643', '2', '2020-05-08 10:50:16 am'),
(869, '9', '20200430124643', '2', '2020-05-08 10:35:17 am'),
(870, '9', '20200430124643', '5', '2020-05-08 10:39:17 am'),
(871, '9', '20200430124643', '2', '2020-05-08 10:50:17 am'),
(872, '12', '20200430124643', '2', '2020-05-08 10:54:17 am'),
(873, '10', '20200430124643', '2', '2020-05-08 10:59:17 am'),
(874, '9', '20200430124643', '2', '2020-05-08 10:00:19 am'),
(875, '9', '20200430124643', '5', '2020-05-08 10:05:19 am'),
(876, '9', '20200430124643', '2', '2020-05-08 10:18:19 am'),
(877, '12', '20200430124643', '2', '2020-05-08 10:23:19 am'),
(878, '10', '20200430124643', '2', '2020-05-08 10:29:19 am'),
(879, '9', '20200430124643', '2', '2020-05-08 10:12:20 am'),
(880, '9', '20200430124643', '5', '2020-05-08 10:17:20 am'),
(881, '9', '20200430124643', '2', '2020-05-08 10:27:20 am'),
(882, '12', '20200430124643', '2', '2020-05-08 10:34:20 am'),
(883, '10', '20200430124643', '2', '2020-05-08 10:39:20 am'),
(884, '9', '20200430124643', '2', '2020-05-08 10:25:21 am'),
(885, '9', '20200430124643', '5', '2020-05-08 10:30:21 am'),
(886, '9', '20200430124643', '2', '2020-05-08 10:40:21 am'),
(887, '12', '20200430124643', '2', '2020-05-08 10:44:21 am'),
(888, '9', '20200430124643', '2', '2020-05-08 10:51:22 am'),
(889, '10', '20200430124643', '2', '2020-05-08 10:58:22 am'),
(890, '9', '20200430124643', '5', '2020-05-08 10:11:23 am'),
(891, '9', '20200430124643', '2', '2020-05-08 10:20:23 am'),
(892, '12', '20200430124643', '2', '2020-05-08 10:25:23 am'),
(893, '10', '20200430124643', '2', '2020-05-08 10:29:23 am'),
(894, '9', '20200430124643', '5', '2020-05-08 10:39:23 am'),
(895, '12', '20200430124643', '2', '2020-05-08 10:49:23 am'),
(896, '10', '20200430124643', '2', '2020-05-08 10:54:23 am'),
(897, '9', '20200430124643', '5', '2020-05-08 10:23:24 am'),
(898, '12', '20200430124643', '2', '2020-05-08 10:32:24 am'),
(899, '10', '20200430124643', '2', '2020-05-08 10:39:24 am'),
(900, '9', '20200430124643', '2', '2020-05-08 10:02:28 am'),
(901, '9', '20200430124643', '5', '2020-05-08 10:10:28 am'),
(902, '12', '20200430124643', '2', '2020-05-08 10:19:28 am'),
(903, '10', '20200430124643', '2', '2020-05-08 10:26:28 am'),
(904, '9', '20200430124643', '2', '2020-05-08 10:53:28 am'),
(905, '9', '20200430124643', '5', '2020-05-08 10:58:28 am'),
(906, '12', '20200430124643', '2', '2020-05-08 10:07:29 am'),
(907, '10', '20200430124643', '2', '2020-05-08 10:13:29 am'),
(908, '9', '20200430124643', '2', '2020-05-08 10:21:29 am'),
(909, '9', '20200430124643', '5', '2020-05-08 10:26:29 am'),
(910, '12', '20200430124643', '2', '2020-05-08 10:49:29 am'),
(911, '9', '20200430124643', '2', '2020-05-08 10:59:29 am'),
(912, '10', '20200430124643', '2', '2020-05-08 10:06:30 am'),
(913, '9', '20200430124643', '5', '2020-05-08 10:19:30 am'),
(914, '12', '20200430124643', '2', '2020-05-08 10:26:30 am'),
(915, '10', '20200430124643', '2', '2020-05-08 10:30:30 am'),
(916, '9', '20200430124643', '2', '2020-05-08 10:36:30 am'),
(917, '9', '20200430124643', '5', '2020-05-08 10:40:30 am'),
(918, '9', '20200430124643', '2', '2020-05-08 10:48:30 am'),
(919, '12', '20200430124643', '2', '2020-05-08 10:52:30 am'),
(920, '10', '20200430124643', '2', '2020-05-08 10:57:30 am'),
(921, '9', '20200430124643', '5', '2020-05-08 10:06:31 am'),
(922, '9', '20200430124643', '1', '2020-05-08 10:14:31 am'),
(923, '9', '20200430124643', '2', '2020-05-08 10:37:31 am'),
(924, '17', '20200430124643', '2', '2020-05-08 10:55:31 am'),
(925, '12', '20200430124643', '2', '2020-05-08 10:01:32 am'),
(926, '10', '20200430124643', '2', '2020-05-08 10:06:32 am'),
(927, '9', '20200430124643', '5', '2020-05-08 10:20:32 am'),
(928, '17', '20200430124643', '2', '2020-05-08 10:30:32 am'),
(929, '12', '20200430124643', '2', '2020-05-08 10:34:32 am'),
(930, '10', '20200430124643', '2', '2020-05-08 10:38:32 am'),
(931, '9', '20200430124643', '2', '2020-05-08 10:43:32 am'),
(932, '9', '20200430124643', '5', '2020-05-08 10:40:33 am'),
(933, '9', '20200430124643', '2', '2020-05-08 10:06:34 am'),
(934, '17', '20200430124643', '2', '2020-05-08 10:10:34 am'),
(935, '12', '20200430124643', '2', '2020-05-08 10:14:34 am'),
(936, '10', '20200430124643', '2', '2020-05-08 10:19:34 am'),
(937, '9', '20200430124643', '5', '2020-05-08 10:25:34 am'),
(938, '9', '20200430124643', '2', '2020-05-08 10:36:34 am'),
(939, '17', '20200430124643', '2', '2020-05-08 10:41:34 am'),
(940, '10', '20200430124643', '2', '2020-05-08 10:46:34 am'),
(941, '12', '20200430124643', '2', '2020-05-08 10:51:34 am'),
(942, '18', '20200430124643', '1', '2020-05-08 10:13:35 am'),
(943, '18', '20200430124643', '2', '2020-05-08 10:20:35 am'),
(944, '18', '20200430124643', '5', '2020-05-08 10:29:35 am'),
(945, '18', '20200430124643', '2', '2020-05-08 10:50:35 am'),
(946, '19', '20200430124643', '2', '2020-05-08 10:01:36 am'),
(947, '18', '20200430124643', '5', '2020-05-08 10:09:36 am'),
(948, '18', '20200430124643', '2', '2020-05-08 10:32:36 am'),
(949, '19', '20200430124643', '2', '2020-05-08 10:36:36 am'),
(950, '18', '20200430124643', '5', '2020-05-08 10:45:36 am'),
(951, '18', '20200430124643', '2', '2020-05-08 10:17:40 am'),
(952, '19', '20200430124643', '2', '2020-05-08 10:22:40 am'),
(953, '18', '20200430124643', '5', '2020-05-08 10:31:40 am');

-- --------------------------------------------------------

--
-- Table structure for table `tbl_tickettype`
--

CREATE TABLE `tbl_tickettype` (
  `type_id` int(11) NOT NULL,
  `ticket_type` varchar(225) NOT NULL
) ENGINE=InnoDB DEFAULT CHARSET=latin1;

--
-- Dumping data for table `tbl_tickettype`
--

INSERT INTO `tbl_tickettype` (`type_id`, `ticket_type`) VALUES
(1, 'Software'),
(2, 'Hardware'),
(5, 'Test 1');

-- --------------------------------------------------------

--
-- Table structure for table `tbl_ticket_subtask`
--

CREATE TABLE `tbl_ticket_subtask` (
  `sub_id` int(11) NOT NULL,
  `sub_ticket_id` varchar(225) NOT NULL,
  `sub_ticket_code` varchar(225) NOT NULL,
  `subtask` varchar(225) NOT NULL,
  `sub_status` varchar(22) NOT NULL,
  `user_code` varchar(55) NOT NULL
) ENGINE=InnoDB DEFAULT CHARSET=latin1;

--
-- Dumping data for table `tbl_ticket_subtask`
--

INSERT INTO `tbl_ticket_subtask` (`sub_id`, `sub_ticket_id`, `sub_ticket_code`, `subtask`, `sub_status`, `user_code`) VALUES
(1, '9', '20200507071936', 'Collecting Board Report', '1', '20200430124643'),
(3, '9', '20200507011709', 'Collecting Board Report', '1', '20200430124643'),
(4, '9', '20200508101431', '2345', '1', '20200430124643'),
(5, '18', '20200508101335', '123', '2', '20200430124643');

-- --------------------------------------------------------

--
-- Table structure for table `tbl_type`
--

CREATE TABLE `tbl_type` (
  `typeid` int(11) NOT NULL,
  `type` varchar(225) NOT NULL
) ENGINE=InnoDB DEFAULT CHARSET=latin1;

--
-- Dumping data for table `tbl_type`
--

INSERT INTO `tbl_type` (`typeid`, `type`) VALUES
(1, 'To-do'),
(2, 'In-progress'),
(3, 'Done'),
(4, 'Backlog');

-- --------------------------------------------------------

--
-- Table structure for table `tbl_users`
--

CREATE TABLE `tbl_users` (
  `userid` int(11) NOT NULL,
  `user_code` varchar(225) NOT NULL,
  `site_code` varchar(225) NOT NULL,
  `name` varchar(225) NOT NULL,
  `firstname` varchar(225) NOT NULL,
  `lastname` varchar(225) NOT NULL,
  `middlename` varchar(222) NOT NULL,
  `ipaddress` varchar(225) NOT NULL,
  `role_id` varchar(222) NOT NULL,
  `department` varchar(222) NOT NULL,
  `position` varchar(222) NOT NULL,
  `local` varchar(222) NOT NULL,
  `email` varchar(222) NOT NULL,
  `password` varchar(222) NOT NULL,
  `password_text` varchar(224) NOT NULL,
  `status` varchar(222) NOT NULL,
  `user_type` varchar(225) NOT NULL,
  `group_id` varchar(22) NOT NULL,
  `datecreated` varchar(222) NOT NULL,
  `user_profile` varchar(222) NOT NULL
) ENGINE=InnoDB DEFAULT CHARSET=latin1;

--
-- Dumping data for table `tbl_users`
--

INSERT INTO `tbl_users` (`userid`, `user_code`, `site_code`, `name`, `firstname`, `lastname`, `middlename`, `ipaddress`, `role_id`, `department`, `position`, `local`, `email`, `password`, `password_text`, `status`, `user_type`, `group_id`, `datecreated`, `user_profile`) VALUES
(13, '20200430124643', '20200423063943', 'Admin M. Admin', 'Admin', 'Admin', 'M.', '10.4.15.20', '5', 'EDP', '', '123', 'admin@gmail.com', '$2y$10$FQfMDzsIdcTamRxUVLvF2e8/u6vD.iol2ovlW6jG/Z/SVpLf/Zm7m', '123', 'Active', 'Admin', 'null', '2020-04-30 12:46:43 pm', ''),
(15, '20200430014317', '20200423063943', 'Jucel M. Estribo', 'Jucel', 'Estribo', 'M.', '10.4.15.29', '1', 'EDP', '', '123', 'Jucel.cdh@gmail.com', '$2y$10$KaYAAACT.rnGsmtXU3yjhe7PHgl5nDKkpRYQjgOz.Q0I9VC4NmqWa', '123', 'Active', 'User', '', '2020-04-30 01:43:17 pm', ''),
(16, '20200430034839', '20200423063943', 'Edp test1 Test', 'Edp', 'Test', 'test1', '1.1.1.1', '2', 'EDP', '', '173', 'edp.cdh@gmai.com', '$2y$10$MK6cq8/5karz7PKJqdxVbueskmetQRFYWDlpVF5l6JhDniBdLh1KG', '123', 'Active', 'User', '', '2020-04-30 03:48:39 pm', ''),
(17, '20200502070118', '20200423063943', 'Jayson M Estao', 'Jayson', 'Estao', 'M', '10.3.1.4', '3', 'EDP', '', 'a', 'jayson.cdh@gmail.com', '$2y$10$i8JktktOaeFxbhEnj6cK1u4BLKx6O/84JaYKPA9Jj9f1iNvSImyVa', '123', 'Active', 'User', '', '2020-05-02 07:01:18 am', ''),
(18, '20200504064730', '20200423063943', 'Jake M. Apare', 'Jake', 'Apare', 'M.', '10.4.5.1', '4', 'EDP', '', '1', 'jake.cdh@gmail.com', '$2y$10$5I3WQBLc.zuxBRzOQRvQ1.TL2yrKLOlPcCXsRJiar0LNRb0BWdFWG', '123', 'Active', 'User', '', '2020-05-04 06:47:30 am', ''),
(19, '20200504015151', '20200423063943', 'Jorge M. Ariola', 'Jorge', 'Ariola', 'M.', '10.4.3.9', '1', 'EDP', '', '123', 'jorge.cdh@gmail.com', '$2y$10$ptKDsNi13lYNjSyXniny1.YZVcZSohZJ8yOp7lEow93QP2Se360Tu', '123', 'Active', 'User', '', '2020-05-04 01:51:51 pm', ''),
(20, '20200504024432', '', 'edp', '', '', '', '1.3.2.3', '', '', '', '', 'edp@gmail.com', '$2y$10$OLcCHwnIitgE92L4ZiZqHeFN/GMhtvP2KI4Wlg8UGE/7oA5srFl/a', '', 'Active', 'User', '', '2020-05-04 02:44:32 pm', ''),
(21, '20200506030422', '20200423063943', 'System  Administrator', 'System', 'Administrator', '', '10.3.1.4', '5', 'EDP', '', '123', 'system@gmail.com', '$2y$10$LrBbUbZn2Li.DIr8HxEfJOpmzu3FN2G1D6efR09ZYELPgBzt/6dna', '123', 'Active', 'Admin', '', '2020-05-06 03:04:22 pm', '');

-- --------------------------------------------------------

--
-- Table structure for table `tbl_workdescription`
--

CREATE TABLE `tbl_workdescription` (
  `work_id` int(11) NOT NULL,
  `ticket_id` varchar(225) NOT NULL,
  `text` text NOT NULL,
  `date_send` varchar(225) NOT NULL,
  `user_code` varchar(225) NOT NULL,
  `status` varchar(2) NOT NULL
) ENGINE=InnoDB DEFAULT CHARSET=latin1;

--
-- Dumping data for table `tbl_workdescription`
--

INSERT INTO `tbl_workdescription` (`work_id`, `ticket_id`, `text`, `date_send`, `user_code`, `status`) VALUES
(1, '7', 'Checking Temperature', '2020-05-07 07:29:24 am', '20200430124643', '1'),
(2, '8', '1', '2020-05-07 07:36:06 am', '20200430124643', '1'),
(3, '10', '1', '2020-05-07 07:37:04 am', '20200430124643', '1'),
(4, '9', '1', '2020-05-07 07:37:38 am', '20200430124643', '1'),
(5, '5', '1', '2020-05-07 07:43:28 am', '20200430124643', '1'),
(7, '6', 'q', '2020-05-07 07:46:26 am', '20200430124643', '1'),
(8, '6', '123', '2020-05-07 07:47:20 am', '20200430124643', '1'),
(9, '6', '123', '2020-05-07 07:47:50 am', '20200430124643', '1'),
(10, '6', '345', '2020-05-07 07:48:12 am', '20200430124643', '1'),
(12, '12', '123', '2020-05-07 02:22:07 pm', '20200430124643', '1'),
(13, '13', '123', '2020-05-08 07:50:32 am', '20200430124643', '1'),
(14, '14', '345', '2020-05-08 07:50:56 am', '20200430124643', '1'),
(15, '16', '23', '2020-05-08 07:51:50 am', '20200430124643', '1'),
(16, '15', '345', '2020-05-08 07:52:01 am', '20200430124643', '1'),
(17, '17', '234', '2020-05-08 10:31:54 am', '20200430124643', '1'),
(18, '18', '123', '2020-05-08 10:35:19 am', '20200430124643', '1');

--
-- Indexes for dumped tables
--

--
-- Indexes for table `tbl_attachment`
--
ALTER TABLE `tbl_attachment`
  ADD PRIMARY KEY (`attachid`);

--
-- Indexes for table `tbl_escalate`
--
ALTER TABLE `tbl_escalate`
  ADD PRIMARY KEY (`escid`);

--
-- Indexes for table `tbl_group`
--
ALTER TABLE `tbl_group`
  ADD PRIMARY KEY (`id`);

--
-- Indexes for table `tbl_priority`
--
ALTER TABLE `tbl_priority`
  ADD PRIMARY KEY (`priority_id`);

--
-- Indexes for table `tbl_reopen_ticket`
--
ALTER TABLE `tbl_reopen_ticket`
  ADD PRIMARY KEY (`id`);

--
-- Indexes for table `tbl_role`
--
ALTER TABLE `tbl_role`
  ADD PRIMARY KEY (`id`);

--
-- Indexes for table `tbl_sites`
--
ALTER TABLE `tbl_sites`
  ADD PRIMARY KEY (`siteid`);

--
-- Indexes for table `tbl_state`
--
ALTER TABLE `tbl_state`
  ADD PRIMARY KEY (`stateid`);

--
-- Indexes for table `tbl_taskmanager`
--
ALTER TABLE `tbl_taskmanager`
  ADD PRIMARY KEY (`id`);

--
-- Indexes for table `tbl_ticket`
--
ALTER TABLE `tbl_ticket`
  ADD PRIMARY KEY (`ticketid`);

--
-- Indexes for table `tbl_ticketlogs`
--
ALTER TABLE `tbl_ticketlogs`
  ADD PRIMARY KEY (`log_id`);

--
-- Indexes for table `tbl_tickettype`
--
ALTER TABLE `tbl_tickettype`
  ADD PRIMARY KEY (`type_id`);

--
-- Indexes for table `tbl_ticket_subtask`
--
ALTER TABLE `tbl_ticket_subtask`
  ADD PRIMARY KEY (`sub_id`);

--
-- Indexes for table `tbl_type`
--
ALTER TABLE `tbl_type`
  ADD PRIMARY KEY (`typeid`);

--
-- Indexes for table `tbl_users`
--
ALTER TABLE `tbl_users`
  ADD PRIMARY KEY (`userid`);

--
-- Indexes for table `tbl_workdescription`
--
ALTER TABLE `tbl_workdescription`
  ADD PRIMARY KEY (`work_id`);

--
-- AUTO_INCREMENT for dumped tables
--

--
-- AUTO_INCREMENT for table `tbl_attachment`
--
ALTER TABLE `tbl_attachment`
  MODIFY `attachid` int(11) NOT NULL AUTO_INCREMENT;

--
-- AUTO_INCREMENT for table `tbl_escalate`
--
ALTER TABLE `tbl_escalate`
  MODIFY `escid` int(11) NOT NULL AUTO_INCREMENT;

--
-- AUTO_INCREMENT for table `tbl_group`
--
ALTER TABLE `tbl_group`
  MODIFY `id` int(11) NOT NULL AUTO_INCREMENT;

--
-- AUTO_INCREMENT for table `tbl_priority`
--
ALTER TABLE `tbl_priority`
  MODIFY `priority_id` int(11) NOT NULL AUTO_INCREMENT, AUTO_INCREMENT=7;

--
-- AUTO_INCREMENT for table `tbl_reopen_ticket`
--
ALTER TABLE `tbl_reopen_ticket`
  MODIFY `id` int(11) NOT NULL AUTO_INCREMENT, AUTO_INCREMENT=208;

--
-- AUTO_INCREMENT for table `tbl_role`
--
ALTER TABLE `tbl_role`
  MODIFY `id` int(11) NOT NULL AUTO_INCREMENT, AUTO_INCREMENT=6;

--
-- AUTO_INCREMENT for table `tbl_sites`
--
ALTER TABLE `tbl_sites`
  MODIFY `siteid` int(11) NOT NULL AUTO_INCREMENT, AUTO_INCREMENT=12;

--
-- AUTO_INCREMENT for table `tbl_state`
--
ALTER TABLE `tbl_state`
  MODIFY `stateid` int(11) NOT NULL AUTO_INCREMENT, AUTO_INCREMENT=3;

--
-- AUTO_INCREMENT for table `tbl_taskmanager`
--
ALTER TABLE `tbl_taskmanager`
  MODIFY `id` int(11) NOT NULL AUTO_INCREMENT, AUTO_INCREMENT=7;

--
-- AUTO_INCREMENT for table `tbl_ticket`
--
ALTER TABLE `tbl_ticket`
  MODIFY `ticketid` int(11) NOT NULL AUTO_INCREMENT, AUTO_INCREMENT=20;

--
-- AUTO_INCREMENT for table `tbl_ticketlogs`
--
ALTER TABLE `tbl_ticketlogs`
  MODIFY `log_id` int(11) NOT NULL AUTO_INCREMENT, AUTO_INCREMENT=954;

--
-- AUTO_INCREMENT for table `tbl_tickettype`
--
ALTER TABLE `tbl_tickettype`
  MODIFY `type_id` int(11) NOT NULL AUTO_INCREMENT, AUTO_INCREMENT=6;

--
-- AUTO_INCREMENT for table `tbl_ticket_subtask`
--
ALTER TABLE `tbl_ticket_subtask`
  MODIFY `sub_id` int(11) NOT NULL AUTO_INCREMENT, AUTO_INCREMENT=6;

--
-- AUTO_INCREMENT for table `tbl_type`
--
ALTER TABLE `tbl_type`
  MODIFY `typeid` int(11) NOT NULL AUTO_INCREMENT, AUTO_INCREMENT=5;

--
-- AUTO_INCREMENT for table `tbl_users`
--
ALTER TABLE `tbl_users`
  MODIFY `userid` int(11) NOT NULL AUTO_INCREMENT, AUTO_INCREMENT=22;

--
-- AUTO_INCREMENT for table `tbl_workdescription`
--
ALTER TABLE `tbl_workdescription`
  MODIFY `work_id` int(11) NOT NULL AUTO_INCREMENT, AUTO_INCREMENT=19;
COMMIT;

/*!40101 SET CHARACTER_SET_CLIENT=@OLD_CHARACTER_SET_CLIENT */;
/*!40101 SET CHARACTER_SET_RESULTS=@OLD_CHARACTER_SET_RESULTS */;
/*!40101 SET COLLATION_CONNECTION=@OLD_COLLATION_CONNECTION */;
